timestamp,region,latency_ms,packet_loss_%,throughput_mbps,network_type
2022-01-01 00:00:00,East,53.41755975777159,3.183348410836037,68.03751296232505,4G
2022-01-01 01:00:00,West,68.76170839215887,3.069667923800309,109.24345332163885,4G
2022-01-01 02:00:00,North,59.5042383818605,0.3332602028034498,140.48619246573705,4G
2022-01-01 03:00:00,East,44.23096344337597,2.59204010972602,72.73651990814379,4G
2022-01-01 04:00:00,East,41.01585328651642,0.7508450040852083,103.79412335220792,4G
2022-01-01 05:00:00,West,54.919191715065054,3.687168843607428,86.76035644406782,5G
2022-01-01 06:00:00,North,36.797667929793576,2.5611096040633723,108.51774412386072,5G
2022-01-01 07:00:00,North,68.31458765854353,3.4011388960417666,100.38295554831504,4G
2022-01-01 08:00:00,East,61.79440120721287,0.20836450301192133,87.1702618191138,5G
2022-01-01 09:00:00,South,45.30824347895295,0.4239600802290161,109.75744569742147,5G
2022-01-01 10:00:00,East,32.868654709091224,3.5816169403134115,136.08696219573486,5G
2022-01-01 11:00:00,East,63.538723741654124,0.36042167999336683,96.18192416545402,5G
2022-01-01 12:00:00,East,48.85460154747382,0.356283638826293,114.39515884296364,5G
2022-01-01 13:00:00,East,62.378163119734616,0.06054237617443725,74.13454084257673,5G
2022-01-01 14:00:00,West,34.05572341205633,4.7825069914974,80.87127246363983,4G
2022-01-01 15:00:00,North,44.00624977046227,3.687541797295035,109.44812555760754,5G
2022-01-01 16:00:00,West,50.05243699718183,1.7662570425103208,129.6823205707193,5G
2022-01-01 17:00:00,West,50.46980593764742,1.4826779064382762,107.1122669757132,5G
2022-01-01 18:00:00,West,45.49934528520756,1.7485161487292478,93.7388393895369,5G
2022-01-01 19:00:00,East,56.228499323474985,3.8732676559059094,99.98582810846708,4G
2022-01-01 20:00:00,South,39.32379570617405,3.306853055352072,74.99184532060565,4G
2022-01-01 21:00:00,North,48.576205149787064,0.9259778393373397,112.09030652710733,4G
2022-01-01 22:00:00,South,51.20295631711899,0.8705466766704217,117.64666124646818,4G
2022-01-01 23:00:00,West,55.14438834058749,0.4919782485669866,90.9581933433384,5G
2022-01-02 00:00:00,West,57.1161487808889,3.301513598506691,90.59915704480997,4G
2022-01-02 01:00:00,South,38.75357908162131,3.8218633111086797,105.31756459304097,4G
2022-01-02 02:00:00,South,34.65885829264378,1.3252321416250201,91.2656052791881,4G
2022-01-02 03:00:00,South,62.77676821898509,0.10472480515456406,98.67734770748355,4G
2022-01-02 04:00:00,West,53.323140119795916,0.41085833738213673,141.99443578333032,5G
2022-01-02 05:00:00,West,42.51513463443446,4.839300174225152,95.05948598508007,4G
2022-01-02 06:00:00,North,65.51151975522524,1.4772238873871013,92.83319695957556,5G
2022-01-02 07:00:00,North,51.156746342928585,3.846115739190668,87.04916388729681,4G
2022-01-02 08:00:00,West,61.792971840638266,3.1233178442713188,114.88383942999873,5G
2022-01-02 09:00:00,South,50.67518481410109,1.9096981982644796,96.37551653563794,5G
2022-01-02 10:00:00,South,70.60747924881987,1.0284363109777757,87.01253923357149,4G
2022-01-02 11:00:00,North,67.55340842443204,0.6069320907970321,126.42608064546025,4G
2022-01-02 12:00:00,West,47.51035851520926,3.075064840194333,128.39206009027274,4G
2022-01-02 13:00:00,North,59.71570950954356,3.87316890318894,87.9915286852259,4G
2022-01-02 14:00:00,North,56.45375949585147,3.2195212677056535,62.66920097278768,5G
2022-01-02 15:00:00,East,63.68631557532349,2.6515106662457915,120.15027379673845,5G
2022-01-02 16:00:00,East,40.35076539419896,0.20975611715818132,86.30740348479992,4G
2022-01-02 17:00:00,East,56.86051459998439,4.842443887971919,115.81251198325538,4G
2022-01-02 18:00:00,South,60.58424486849588,3.9935709582728727,60.59792364576329,5G
2022-01-02 19:00:00,West,32.41260513576886,1.4641101835048236,117.85194676598618,4G
2022-01-02 20:00:00,West,38.16741487334225,4.899851646794254,75.77656141438437,5G
2022-01-02 21:00:00,West,29.607678222398995,3.0094079481816105,114.61528238133049,4G
2022-01-02 22:00:00,West,47.305931655554424,2.912113291036232,100.28546135672869,5G
2022-01-02 23:00:00,East,57.17542255795962,3.7403658971476608,80.92121161206711,5G
2022-01-03 00:00:00,South,65.02357052096028,4.058848940450687,91.85927374146439,5G
2022-01-03 01:00:00,South,50.74094780419775,3.2823930366575134,113.72636913913402,5G
2022-01-03 02:00:00,East,66.28615545571292,0.6404787318310001,102.11788906230468,5G
2022-01-03 03:00:00,South,36.198985417851084,1.691337529972492,111.68825960944969,4G
2022-01-03 04:00:00,East,32.96617560644845,4.640418201630249,139.5288116903097,5G
2022-01-03 05:00:00,West,49.44452301103381,1.1230780592192597,68.71516776577897,4G
2022-01-03 06:00:00,East,53.840654489393074,1.8608351191875667,132.3442514993725,5G
2022-01-03 07:00:00,West,49.67305251905907,2.16038441472098,102.08711875046426,5G
2022-01-03 08:00:00,West,29.325578999601234,2.197024948472261,82.02431903353744,4G
2022-01-03 09:00:00,North,49.10879960487212,3.0646979124726275,73.39372748522021,4G
2022-01-03 10:00:00,East,36.95530499495147,4.715379188723538,96.21759218445933,4G
2022-01-03 11:00:00,North,56.69672548830039,1.203463559162525,118.4330022384892,4G
2022-01-03 12:00:00,East,53.66598246096848,0.6075068815045903,97.44901759244931,5G
2022-01-03 13:00:00,East,40.60120213672645,0.9873524492996866,130.22309860494695,4G
2022-01-03 14:00:00,North,44.861330826633065,4.434624501046348,70.97648619896881,5G
2022-01-03 15:00:00,North,39.40786478111048,3.2290540632760303,99.7582210430789,4G
2022-01-03 16:00:00,East,49.37320902726828,1.4295339461958005,74.95213111173761,4G
2022-01-03 17:00:00,South,59.551423205012384,4.079734694843086,107.27263765249936,5G
2022-01-03 18:00:00,West,40.14273953664456,4.30684998181718,117.737747801946,5G
2022-01-03 19:00:00,North,55.040465155178445,4.232571693451391,91.58476412637893,4G
2022-01-03 20:00:00,West,44.69742381627559,4.5946326681977725,47.91572286745732,5G
2022-01-03 21:00:00,South,42.07127167737656,1.261205100866808,103.97896293592989,5G
2022-01-03 22:00:00,South,48.929696400454425,3.7752096437313916,108.73477103467019,5G
2022-01-03 23:00:00,South,39.64757677580626,2.3026974863707,108.08589509923395,5G
2022-01-04 00:00:00,North,44.46350694652818,4.209992764450307,124.71564383644308,5G
2022-01-04 01:00:00,South,38.021221074111516,3.642453385808066,78.57892640701903,5G
2022-01-04 02:00:00,North,69.6472513291639,3.882237232498623,113.60432210900899,5G
2022-01-04 03:00:00,South,50.35263551971729,3.2808091884053576,123.8501502495595,5G
2022-01-04 04:00:00,West,43.00274492007414,0.8871438473485344,64.42824831986967,4G
2022-01-04 05:00:00,West,52.13979910734222,2.7251345944846914,106.39303651837955,5G
2022-01-04 06:00:00,East,48.8767195030917,4.923348697622541,89.91640337984657,4G
2022-01-04 07:00:00,West,47.79030400466777,4.6869403324855945,98.36954653796708,5G
2022-01-04 08:00:00,East,56.14166700043425,0.21586867898505835,106.95352967076673,5G
2022-01-04 09:00:00,West,57.57507710047305,0.8240740786471856,90.25542871772896,5G
2022-01-04 10:00:00,North,44.69498852389472,0.6586438672728095,86.48583841676776,5G
2022-01-04 11:00:00,West,44.2418175935532,3.6298995499264777,100.6830483497605,4G
2022-01-04 12:00:00,East,47.24948302848356,4.088926649284725,78.25508122274394,4G
2022-01-04 13:00:00,East,26.98078835264415,1.0675568315533597,78.28349742229629,5G
2022-01-04 14:00:00,South,34.84808937801448,2.529263464759145,113.58746565913006,4G
2022-01-04 15:00:00,North,63.66874267444525,4.203515140056,77.02411929682688,5G
2022-01-04 16:00:00,West,66.44967713501283,3.664007723831253,113.32625001818424,5G
2022-01-04 17:00:00,South,47.50963960443622,2.7111860274592416,109.25182585707903,4G
2022-01-04 18:00:00,West,55.765569630557664,2.9517384522938643,65.48386542418807,4G
2022-01-04 19:00:00,West,53.112501545435364,2.5418027345814,86.4487069532869,5G
2022-01-04 20:00:00,South,80.78880808455239,1.4877422565941028,123.88218806094744,5G
2022-01-04 21:00:00,South,61.195749114345766,2.8251099642950805,80.37668937720636,4G
2022-01-04 22:00:00,South,48.72082408519233,3.4444265102504534,90.71191475381225,5G
2022-01-04 23:00:00,South,40.44459559399574,4.366614579304039,109.24121786503792,4G
2022-01-05 00:00:00,South,33.93553679742428,3.1814567698962404,115.66781018565192,5G
2022-01-05 01:00:00,West,52.03463635867223,3.80560768521579,94.96922227911008,5G
2022-01-05 02:00:00,South,42.436492547156966,0.800358174772865,88.04979610616716,4G
2022-01-05 03:00:00,North,35.77746290402326,2.3077873720989492,128.44739723397015,4G
2022-01-05 04:00:00,East,43.534271157574736,0.04665809913546648,134.7779932759516,4G
2022-01-05 05:00:00,South,39.18451996385605,1.233394322608115,119.57716101563591,5G
2022-01-05 06:00:00,South,66.87141635072564,3.632308575565024,101.70636285130048,5G
2022-01-05 07:00:00,West,58.816397569494505,4.9590497567468175,83.83468556718148,5G
2022-01-05 08:00:00,South,49.92027358683383,0.49589049793607953,83.39111186886869,5G
2022-01-05 09:00:00,South,64.79944138890026,2.0074715793064413,110.45028210531515,4G
2022-01-05 10:00:00,South,50.77368307647618,4.000354843495797,108.36796441777368,5G
2022-01-05 11:00:00,West,41.38715798671736,1.0201781731444943,128.03197185892859,5G
2022-01-05 12:00:00,South,65.23124077269657,2.7754247465114315,113.00900185072278,5G
2022-01-05 13:00:00,East,55.38910043684659,3.665356480148374,69.93839396480364,4G
2022-01-05 14:00:00,West,39.62753845673544,3.0799272513008953,121.03895235445837,5G
2022-01-05 15:00:00,East,48.09661321916392,0.9401236730770807,80.03878745371173,5G
2022-01-05 16:00:00,West,41.24381746615243,1.776922843428697,92.32057456095296,4G
2022-01-05 17:00:00,South,36.172002690356635,3.9189589224269863,105.00400412503389,5G
2022-01-05 18:00:00,East,59.26177547531641,2.7711325706600833,139.9133497956793,5G
2022-01-05 19:00:00,West,69.0941664047013,0.026148067714563683,162.19837112010723,4G
2022-01-05 20:00:00,North,36.01432426180859,3.8049538001404692,112.13446118272365,5G
2022-01-05 21:00:00,South,55.62969236690571,0.17655677470119535,96.33606762559225,5G
2022-01-05 22:00:00,West,43.49357430878173,3.728668913656161,110.69011296961101,5G
2022-01-05 23:00:00,North,45.12874616235304,1.012402800826187,117.75310851747672,4G
2022-01-06 00:00:00,West,44.07606075761131,4.790367400596901,93.58664748885617,5G
2022-01-06 01:00:00,North,41.36009230320184,1.8397037565104224,135.90422711824644,5G
2022-01-06 02:00:00,South,50.48521627944827,1.6346580816903955,104.60141518382804,4G
2022-01-06 03:00:00,East,41.69049883588962,0.7444402516622234,109.95486178182789,4G
2022-01-06 04:00:00,North,52.704568257798385,1.5280210774510743,113.31848504108923,5G
2022-01-06 05:00:00,West,49.49761890550863,4.383253809141003,108.43173221228912,5G
2022-01-06 06:00:00,South,47.6105195313359,4.981671688136236,116.77881000939225,5G
2022-01-06 07:00:00,North,40.92436337958402,1.8415476525342416,87.65493626906154,5G
2022-01-06 08:00:00,West,44.23228669431667,2.2430531547727126,88.83396492107939,4G
2022-01-06 09:00:00,West,57.55391225825756,3.6103546910136854,77.9969153405661,5G
2022-01-06 10:00:00,West,55.009171876243805,4.430978902325372,108.79002461240452,4G
2022-01-06 11:00:00,North,40.22444755201449,2.9652216709339205,115.57873007024229,4G
2022-01-06 12:00:00,North,50.99332305429226,1.9576284908891468,109.15545732303772,5G
2022-01-06 13:00:00,North,57.51387123371789,2.0631092042431187,133.48984866695076,5G
2022-01-06 14:00:00,East,33.305947188786284,3.478090732484034,99.88807962341907,4G
2022-01-06 15:00:00,North,55.43360192379935,0.016091318021393408,113.37483311185025,4G
2022-01-06 16:00:00,North,43.37376241054153,3.0979466872992036,78.16598247721372,5G
2022-01-06 17:00:00,North,55.70598668593159,1.777465052206787,92.25800595051199,4G
2022-01-06 18:00:00,East,42.367408434574834,3.9709866563854215,113.91075515131556,5G
2022-01-06 19:00:00,North,31.95117899335481,0.4649531991156608,116.98204221486287,5G
2022-01-06 20:00:00,West,33.72457562116837,2.9410113347419524,94.12066104671635,4G
2022-01-06 21:00:00,North,50.48084946661382,2.404864449430619,98.56801496283866,4G
2022-01-06 22:00:00,West,52.59722501721482,3.211627629526137,69.64252506638381,5G
2022-01-06 23:00:00,West,40.956833748955916,0.32426797241484173,92.85941598386782,4G
2022-01-07 00:00:00,West,56.38592458777374,2.899918937140656,117.80766327039572,5G
2022-01-07 01:00:00,East,33.3847993773104,2.8074229397976187,111.50410032213132,5G
2022-01-07 02:00:00,East,49.33920201352684,2.8033004720808545,110.0133144276242,5G
2022-01-07 03:00:00,East,37.889838002375434,3.017438332982274,100.9954737436192,4G
2022-01-07 04:00:00,North,43.48163892197841,3.382339686131811,100.14126317256353,5G
2022-01-07 05:00:00,West,50.47398671316414,4.024944998403849,86.79357721053105,5G
2022-01-07 06:00:00,East,41.39586634716048,1.3491036006410717,113.9765684040507,5G
2022-01-07 07:00:00,East,46.154444557701744,4.1252470509003105,108.4194588877878,5G
2022-01-07 08:00:00,North,60.0629280921444,2.491278411317268,109.84037695985599,5G
2022-01-07 09:00:00,East,44.23108130476851,0.3852913956716558,89.47930314664839,5G
2022-01-07 10:00:00,North,58.35692112065142,0.292754646219896,56.93314160257511,5G
2022-01-07 11:00:00,South,38.702931453423815,1.6711915934803039,121.94305423507392,5G
2022-01-07 12:00:00,East,55.298041779152825,3.9244848855573378,90.42325087983191,5G
2022-01-07 13:00:00,South,64.41568620657901,3.5384046737045787,82.74448471913759,5G
2022-01-07 14:00:00,North,25.283554998727105,3.943074823362032,113.86957823827987,5G
2022-01-07 15:00:00,West,42.03104744529523,2.586345282208047,92.1597472016174,4G
2022-01-07 16:00:00,East,55.7707212718054,2.2009949897774526,121.19872768093244,5G
2022-01-07 17:00:00,North,47.96954613957007,0.7372626335314197,112.34011899153396,5G
2022-01-07 18:00:00,West,53.71145873371309,1.6409637680465576,113.67138646400954,5G
2022-01-07 19:00:00,West,43.960148132841795,2.1700968308693764,72.68088577598931,4G
2022-01-07 20:00:00,South,50.865897874729,0.44300214839808616,124.23887970772802,5G
2022-01-07 21:00:00,North,48.44322764607921,1.1030597635560562,105.22501062467713,4G
2022-01-07 22:00:00,West,61.67782061659807,2.991126470318694,92.61445721507593,5G
2022-01-07 23:00:00,East,52.54420843301213,3.678315571195949,102.86776934684502,5G
2022-01-08 00:00:00,East,53.37602662075202,4.991737556964749,64.4752953420336,4G
2022-01-08 01:00:00,South,45.881230338775325,4.665566656717789,108.17305622961342,5G
2022-01-08 02:00:00,West,45.123937759275066,3.2128259976759574,79.41256983635857,4G
2022-01-08 03:00:00,North,45.67441812180379,2.10624026647036,72.94659428312931,4G
2022-01-08 04:00:00,East,53.944521423782966,3.1808868235411634,69.55281627564219,5G
2022-01-08 05:00:00,West,45.79015519179737,3.92825809040116,122.2537674997985,5G
2022-01-08 06:00:00,West,52.89774856896413,0.5916809546169366,87.41473212614423,5G
2022-01-08 07:00:00,South,70.75400798645438,2.049524448481441,130.67455419833,5G
2022-01-08 08:00:00,East,58.711247034316926,4.199011428178086,89.28397073895404,4G
2022-01-08 09:00:00,East,46.73976467832159,1.91916475966522,65.85284084814106,4G
2022-01-08 10:00:00,North,62.012139221639444,2.8593613561359326,77.66951120102682,5G
2022-01-08 11:00:00,East,45.91924626978449,2.938846804310991,124.71623240013878,4G
2022-01-08 12:00:00,North,29.61875464822146,0.9223812656681968,96.88203644126665,4G
2022-01-08 13:00:00,East,39.91913689082596,1.811177208261442,89.03425407018798,5G
2022-01-08 14:00:00,South,31.292080789741444,1.6725564437096607,103.20036451705576,4G
2022-01-08 15:00:00,East,46.48486515958692,0.13098354266032397,110.0356547233509,4G
2022-01-08 16:00:00,North,50.184183791895514,0.12095881945677622,122.34797631804922,5G
2022-01-08 17:00:00,North,66.76437312275283,4.158485218378868,128.9699845978585,4G
2022-01-08 18:00:00,South,53.269273737641626,1.3653540498640622,92.80462708421828,5G
2022-01-08 19:00:00,East,47.80899471191136,2.5903938311940773,73.47904627835923,4G
2022-01-08 20:00:00,East,58.294055811834895,1.4936278679438653,91.73069677753448,5G
2022-01-08 21:00:00,South,27.88864690992115,4.703396225576703,105.20561013165772,4G
2022-01-08 22:00:00,East,52.356145581085656,1.2964837943288687,80.72482147578778,4G
2022-01-08 23:00:00,East,57.708651938869664,2.1482840636946756,80.85698170209915,5G
2022-01-09 00:00:00,North,35.214137542201584,4.3636512524230096,106.87575763099771,5G
2022-01-09 01:00:00,East,61.43754043206929,4.209667833959044,99.02695296859098,5G
2022-01-09 02:00:00,East,53.38496407494414,0.9305070892313866,100.65593990823173,5G
2022-01-09 03:00:00,South,45.847120860991986,4.013216548978552,84.83009330599862,4G
2022-01-09 04:00:00,South,56.32781866106285,2.290934433689463,95.39198571588466,4G
2022-01-09 05:00:00,West,72.70692857804396,2.414844360426776,81.51533711463391,4G
2022-01-09 06:00:00,North,51.81866255058495,0.6673998620797189,117.80396822249574,5G
2022-01-09 07:00:00,East,52.48220586300336,0.40300756878562327,120.70498669447505,4G
2022-01-09 08:00:00,East,45.40639100459756,3.639696534868826,63.07624275523813,4G
2022-01-09 09:00:00,West,41.50155630535208,2.482305761776499,81.4097827961518,5G
2022-01-09 10:00:00,East,58.303358165442454,2.1842535130758978,70.06941489819842,5G
2022-01-09 11:00:00,North,41.43916174091133,3.6475411432619835,86.99952131186204,4G
2022-01-09 12:00:00,West,50.715662372193925,3.8275644949555487,98.33124060419279,5G
2022-01-09 13:00:00,North,45.223425532348834,0.7945408383467678,71.0070956060294,4G
2022-01-09 14:00:00,West,54.78979825746392,3.0511257473882063,81.56280373749374,4G
2022-01-09 15:00:00,West,53.33662105286948,0.6767704113884276,79.92085255837003,5G
2022-01-09 16:00:00,South,60.375399442578995,3.7568754301452283,104.14534658797888,4G
2022-01-09 17:00:00,North,44.89983601145253,3.2847757813356977,101.386886740725,5G
2022-01-09 18:00:00,East,47.30125064706629,4.78307310541729,85.56524893325494,5G
2022-01-09 19:00:00,East,40.21236284217693,0.3447900817821059,103.53641744278796,4G
2022-01-09 20:00:00,North,45.55706739923888,0.2852736057562716,89.06639830825469,4G
2022-01-09 21:00:00,East,53.77300493044852,1.4109353734660006,94.56689779347893,4G
2022-01-09 22:00:00,East,57.56988616645352,1.3085284186795298,133.46904180597073,5G
2022-01-09 23:00:00,North,40.77834675822375,1.234893995359999,126.80922103580696,4G
2022-01-10 00:00:00,West,58.6960592010566,4.531272902605183,74.00837526144805,5G
2022-01-10 01:00:00,North,63.55637858804951,1.2477309992475305,116.5946483575835,5G
2022-01-10 02:00:00,West,54.13434903223701,1.359748630643155,116.22793108983184,4G
2022-01-10 03:00:00,East,68.76795812558066,3.7969913120898187,77.03473422494764,5G
2022-01-10 04:00:00,East,42.26210800896427,2.2486992122527,116.37555287509721,4G
2022-01-10 05:00:00,East,37.55345296688583,3.883552784775906,130.75863836825107,4G
2022-01-10 06:00:00,South,32.212797510957216,0.3268307878219262,77.54910387511173,4G
2022-01-10 07:00:00,West,64.96044311489183,2.4378559683669216,81.64994357971473,4G
2022-01-10 08:00:00,South,56.54365656354058,0.16806800091641316,120.35322933687004,4G
2022-01-10 09:00:00,South,49.44415329089545,0.3132660172767726,105.42990621651296,4G
2022-01-10 10:00:00,North,52.799686263198204,4.532187266722055,111.02952550479047,4G
2022-01-10 11:00:00,South,38.74510952701623,0.6962268555879758,106.81178432800994,5G
2022-01-10 12:00:00,North,74.45751979616827,2.6621034113760853,107.81391841856288,4G
2022-01-10 13:00:00,North,51.292211819752275,2.055478013003533,73.47055743377834,5G
2022-01-10 14:00:00,South,51.09394794604893,1.7367166312942133,120.94635413242897,5G
2022-01-10 15:00:00,West,57.25766623898692,4.499166728436363,123.39179984855548,5G
2022-01-10 16:00:00,West,54.810092317367136,0.1091169838774475,95.41218511863944,4G
2022-01-10 17:00:00,West,52.23884024279131,3.3189484308779456,99.13046100372276,5G
2022-01-10 18:00:00,West,42.09525544554688,4.816972171067752,69.37784994888555,5G
2022-01-10 19:00:00,West,54.714683571359956,2.80084091730921,110.2850951203567,4G
2022-01-10 20:00:00,South,68.82024496475034,4.684112310165459,111.44114883428288,4G
2022-01-10 21:00:00,South,63.454200461549775,0.26128939643011884,98.75617966001379,5G
2022-01-10 22:00:00,East,65.93186626639397,2.093966595370807,122.48706719741006,4G
2022-01-10 23:00:00,West,44.88784323568815,1.3007889548102558,93.31845538040119,4G
2022-01-11 00:00:00,South,40.10395179741419,3.6541048249036487,111.29211851787201,4G
2022-01-11 01:00:00,East,48.74213079900352,4.906485452486233,79.6067132261577,4G
2022-01-11 02:00:00,West,50.557249122886944,1.282650312221239,99.52895698251524,5G
2022-01-11 03:00:00,North,60.94191518470949,3.2708730073703722,96.51291484194329,4G
2022-01-11 04:00:00,East,33.07535370285181,0.9904881637987006,104.50615844081884,4G
2022-01-11 05:00:00,South,65.29550319460614,2.8266512728580495,92.60946142333283,4G
2022-01-11 06:00:00,North,48.419921014210104,2.319662433441681,97.37054808656664,5G
2022-01-11 07:00:00,North,45.7311893005258,4.860026648157685,116.52094342883012,5G
2022-01-11 08:00:00,North,39.87895624739832,3.042636363482333,91.26471525523564,4G
2022-01-11 09:00:00,East,33.451433281342304,1.747531860434094,67.86845798522641,4G
2022-01-11 10:00:00,South,58.231705839619146,0.5704789244396669,134.9916780841084,5G
2022-01-11 11:00:00,North,50.73317967188404,0.7562341436746728,127.62908157380973,4G
2022-01-11 12:00:00,West,37.10039100258946,1.1265846497561753,74.15474609788762,4G
2022-01-11 13:00:00,North,37.04921227936384,1.25483330670149,113.79415610490389,5G
2022-01-11 14:00:00,North,46.64215300709872,4.253080289205689,89.94050458897314,4G
2022-01-11 15:00:00,East,66.69021525289392,2.8061139414126246,105.26974430662119,4G
2022-01-11 16:00:00,East,47.40408648636395,2.616954556871832,105.88448258026988,5G
2022-01-11 17:00:00,South,34.96857046881894,0.5738443593460874,95.31184399367356,5G
2022-01-11 18:00:00,West,47.54256935914056,4.300698466747175,84.32468668827207,4G
2022-01-11 19:00:00,East,47.27276430252329,3.6140715160424186,86.18917895367481,5G
2022-01-11 20:00:00,North,23.031133570584284,0.3383418095000079,81.67616169037515,4G
2022-01-11 21:00:00,South,49.45705133482188,3.539175486148843,83.36355583539111,4G
2022-01-11 22:00:00,North,47.69065469791322,2.7176910867132302,98.65643419901289,4G
2022-01-11 23:00:00,North,56.96206364813418,0.4086267287338913,85.68480021778497,5G
2022-01-12 00:00:00,East,68.48956094945345,2.291503207643282,113.64104131425239,5G
2022-01-12 01:00:00,South,61.26565029547757,2.4234814356502348,129.74492310671855,4G
2022-01-12 02:00:00,West,47.31111309445169,0.8288727008163788,88.39893517259914,4G
2022-01-12 03:00:00,West,38.934740912583294,4.728490735001412,104.78809001070753,5G
2022-01-12 04:00:00,East,75.7335980324986,4.24987685740331,109.99370220605867,5G
2022-01-12 05:00:00,East,50.59218434014488,3.3451116866455415,109.4400454183855,5G
2022-01-12 06:00:00,South,50.13929291912946,2.311477805003036,101.51910535832175,4G
2022-01-12 07:00:00,West,49.758749128899964,2.0588277079225428,114.85364836719445,5G
2022-01-12 08:00:00,West,51.98084760767855,3.2548673357547706,109.64497905361314,5G
2022-01-12 09:00:00,West,48.556395880760576,2.7271593470345272,75.24675155345405,4G
2022-01-12 10:00:00,North,44.26337993119763,0.3113655294094281,117.38312128778546,4G
2022-01-12 11:00:00,West,44.53141058759608,2.5625132438516585,117.74581674533485,4G
2022-01-12 12:00:00,North,49.672467297840015,4.032018086164197,84.73427791642837,5G
2022-01-12 13:00:00,South,44.56575228866235,2.29619938798479,100.75875670895203,4G
2022-01-12 14:00:00,North,42.871542173228356,0.25978288777134206,113.66657985622139,4G
2022-01-12 15:00:00,South,51.064302276918966,3.9313909969201655,95.81372360841277,4G
2022-01-12 16:00:00,West,47.450227825791444,1.006818910679872,121.45956095532023,4G
2022-01-12 17:00:00,West,65.0399298858269,1.2931041744401939,147.2774498923872,5G
2022-01-12 18:00:00,South,23.490301916069882,0.8235317671614795,84.28027934730035,4G
2022-01-12 19:00:00,East,60.91506851922462,1.6510753243574876,72.3791079369245,5G
2022-01-12 20:00:00,South,62.46085192497629,3.783757528443175,106.07637191209751,5G
2022-01-12 21:00:00,East,29.266097675918505,2.5969292975196865,114.43125010252287,5G
2022-01-12 22:00:00,North,46.573124059196516,1.024406370753563,95.38267252310462,4G
2022-01-12 23:00:00,North,46.28559134004209,4.3891503907602045,129.0652132664207,5G
2022-01-13 00:00:00,North,35.924883052821784,4.397909274757646,73.22788400553503,4G
2022-01-13 01:00:00,West,42.22183312409125,4.352892125230035,113.85837246063222,4G
2022-01-13 02:00:00,North,38.894241545341714,1.1939810569076963,87.88278358482214,4G
2022-01-13 03:00:00,East,67.52270443423623,2.2561967209049403,134.38755812414593,5G
2022-01-13 04:00:00,North,59.35678393147461,4.924948280704376,139.85030706336238,4G
2022-01-13 05:00:00,South,62.71555094994159,3.8600623815499517,84.66686824433305,4G
2022-01-13 06:00:00,South,57.21672064043235,0.1358371061277991,89.0088572818284,4G
2022-01-13 07:00:00,West,38.70948228782771,0.32602295630246025,117.19175773959604,5G
2022-01-13 08:00:00,South,44.75479733720226,2.319656884061664,92.2573870042097,5G
2022-01-13 09:00:00,East,54.89374561227918,4.546101029307801,99.09177564135524,5G
2022-01-13 10:00:00,North,37.778721911080545,2.693508989763571,100.5077684108482,4G
2022-01-13 11:00:00,West,57.12998430172388,2.4890625401714512,61.606536876046874,5G
2022-01-13 12:00:00,North,47.59674601841865,0.5273684997831529,99.72324507811526,4G
2022-01-13 13:00:00,North,46.251791924504026,3.2839005236214702,86.20544451871652,4G
2022-01-13 14:00:00,East,57.10959968203491,4.110515803001127,90.13754355200456,5G
2022-01-13 15:00:00,South,54.4426331148604,1.9021000375378116,128.87264006937627,4G
2022-01-13 16:00:00,South,46.3903383418092,3.8780592546266375,74.86986211441487,5G
2022-01-13 17:00:00,North,61.59329803364248,4.8223832695040585,116.26410373495955,4G
2022-01-13 18:00:00,West,39.189366724001026,1.0188322956384455,94.42074139336383,5G
2022-01-13 19:00:00,South,56.15935606944264,2.6166481559737065,94.40479663008331,4G
2022-01-13 20:00:00,West,55.93101257968384,1.4356897904228778,115.80743792103422,4G
2022-01-13 21:00:00,South,46.904535606860094,3.9642720951691968,106.8010258913778,4G
2022-01-13 22:00:00,West,53.26133022242118,2.8879668294057876,111.41225994439063,4G
2022-01-13 23:00:00,East,37.488864236146966,3.1729120877515187,119.36369321065722,4G
2022-01-14 00:00:00,West,59.24027019206901,3.9895707980794706,93.37383233633355,5G
2022-01-14 01:00:00,East,48.15097863557011,1.9798523633122744,87.75526530984499,4G
2022-01-14 02:00:00,East,44.772769794809605,4.575450342035216,78.29698946884403,5G
2022-01-14 03:00:00,West,60.49009225836889,2.6651443362307,83.4917894004209,5G
2022-01-14 04:00:00,East,42.95656309457241,0.78977411417674,158.9818885061745,5G
2022-01-14 05:00:00,North,35.91538703636441,3.4794955908440124,124.89359161473573,4G
2022-01-14 06:00:00,East,34.433708264760966,3.9663067521912723,72.97851267583957,4G
2022-01-14 07:00:00,South,56.06009951345639,1.5838083853376332,73.5508408651286,4G
2022-01-14 08:00:00,West,37.19570647503717,4.285896284993765,109.63732123436984,5G
2022-01-14 09:00:00,North,67.54794181984364,4.530716273828832,110.94529594755934,4G
2022-01-14 10:00:00,West,29.18070592116278,1.3845224368890445,110.9776767063473,4G
2022-01-14 11:00:00,South,66.96456368290038,4.91760736357611,94.90088412892604,5G
2022-01-14 12:00:00,South,52.11017467202618,0.7035576402437921,97.49091479994199,5G
2022-01-14 13:00:00,South,49.032868881296075,1.01007834201245,106.55759048318714,5G
2022-01-14 14:00:00,East,44.550809131910505,0.9211241961901306,101.71786012586661,5G
2022-01-14 15:00:00,East,53.991361143520706,4.469948550039352,55.6139925450493,5G
2022-01-14 16:00:00,West,49.62365297575152,3.271462761624809,95.40400738849613,5G
2022-01-14 17:00:00,West,61.03301882016521,0.7605214161113644,82.97187131479373,4G
2022-01-14 18:00:00,North,51.142276486620396,2.201617091841745,103.50422837817024,5G
2022-01-14 19:00:00,North,51.50301761461878,3.07649012534901,159.70518005206821,4G
2022-01-14 20:00:00,West,46.36387787786144,0.41732042494691646,107.34963330948608,4G
2022-01-14 21:00:00,East,49.43054376278933,4.412081842036693,93.72940627655204,4G
2022-01-14 22:00:00,South,53.07801768892059,4.018017677207676,118.43603003954505,5G
2022-01-14 23:00:00,West,32.89831607343375,2.526033867883191,109.65375774418425,4G
2022-01-15 00:00:00,North,36.518145778942866,4.835633076295852,108.40188980903683,5G
2022-01-15 01:00:00,East,57.43264094022715,2.0888048963754984,112.13701186431342,5G
2022-01-15 02:00:00,West,51.708654381279416,4.920551595182489,141.13087129659084,4G
2022-01-15 03:00:00,West,48.16016663647321,3.339599994018135,77.38223129348168,5G
2022-01-15 04:00:00,East,50.184339330653934,3.173356366269707,109.47264153622909,4G
2022-01-15 05:00:00,West,53.47581705361671,0.829774476478925,81.47237740036923,4G
2022-01-15 06:00:00,East,44.60240319690639,4.40963879152322,111.11025292684496,5G
2022-01-15 07:00:00,South,42.216952745976876,2.1374484396030757,81.62626977027811,4G
2022-01-15 08:00:00,East,51.958452550976816,0.8111670289123968,91.65266372789831,4G
2022-01-15 09:00:00,East,40.21627222384968,0.0630375998787952,94.09820171524187,4G
2022-01-15 10:00:00,East,54.082527557144715,2.7987784181919126,119.51633438689419,5G
2022-01-15 11:00:00,West,32.9741639576216,2.6369981106133817,118.36908887884827,4G
2022-01-15 12:00:00,West,60.29155637325644,3.596768111845793,75.08565247107231,5G
2022-01-15 13:00:00,East,54.72597482413043,4.4512902650890105,101.09868221999697,5G
2022-01-15 14:00:00,West,52.56029734313876,0.3970329232151476,85.80840290501655,4G
2022-01-15 15:00:00,North,59.82690983945514,3.657482451701812,74.82990178649331,4G
2022-01-15 16:00:00,North,66.65474444462576,0.9370597204879111,95.65965899151259,5G
2022-01-15 17:00:00,West,60.1437006501813,4.290885265785819,93.83034423088361,5G
2022-01-15 18:00:00,West,31.591257686683548,4.09531756930828,148.53432972691044,4G
2022-01-15 19:00:00,East,37.204230332642986,2.7039687749277217,108.65919650721392,4G
2022-01-15 20:00:00,South,43.75181422304321,3.5512139931165576,72.44764998491526,5G
2022-01-15 21:00:00,West,50.26091050210834,1.5717505659187418,88.70451991658115,5G
2022-01-15 22:00:00,North,55.17659020469123,2.3558394946640733,120.42766590858797,5G
2022-01-15 23:00:00,East,42.742561868465344,4.108184488552358,141.7688554573985,5G
2022-01-16 00:00:00,West,51.86766764477078,2.2963259858660696,68.28033375524083,5G
2022-01-16 01:00:00,North,42.44617067646678,1.788991326627209,62.4015122972191,4G
2022-01-16 02:00:00,North,43.884821970080516,2.4710622362514996,137.41930350743564,5G
2022-01-16 03:00:00,South,35.93338903151778,4.141246262186092,107.79228354741808,5G
2022-01-16 04:00:00,East,40.76766753889096,1.6760402368543637,82.63414536247268,4G
2022-01-16 05:00:00,East,36.48315394383666,0.868807965678719,110.69258172244871,4G
2022-01-16 06:00:00,South,40.241267470226674,3.5600701016539036,47.28504521966244,5G
2022-01-16 07:00:00,South,60.536417966078396,4.129891063540409,100.06751013194322,5G
2022-01-16 08:00:00,East,40.50601111168057,0.5031873926176667,106.55642345686171,4G
2022-01-16 09:00:00,East,76.32382064837391,1.1993705637797236,118.4854027907566,5G
2022-01-16 10:00:00,West,54.93317900880889,0.7098599488049695,79.72208095414925,5G
2022-01-16 11:00:00,West,51.84836123694874,1.7397070579108331,101.71374322806719,4G
2022-01-16 12:00:00,South,41.41642219818787,2.251754894527063,81.49150747880824,5G
2022-01-16 13:00:00,West,57.003098794089915,3.7441316848165322,105.10767511348634,4G
2022-01-16 14:00:00,North,44.24362173762226,3.2557379244083706,82.09307355273953,4G
2022-01-16 15:00:00,West,51.220098146453616,3.1046428373921557,91.83798321679559,4G
2022-01-16 16:00:00,West,75.60084538268795,1.761874733048272,80.08369210419542,4G
2022-01-16 17:00:00,North,49.0394010027535,4.2072377654238,113.02272483647315,5G
2022-01-16 18:00:00,South,61.49273326285676,2.3564358369908227,117.16902233313331,4G
2022-01-16 19:00:00,North,42.96823574874112,4.8955246900757725,95.30758860085173,5G
2022-01-16 20:00:00,West,49.65011509503038,3.1707106914786842,100.76475989920057,5G
2022-01-16 21:00:00,South,67.7080063563551,0.6313237078225137,71.02817170732912,5G
2022-01-16 22:00:00,West,43.730329422122324,3.3808878103771702,94.00646703986426,5G
2022-01-16 23:00:00,North,68.12448557996929,1.625520077158495,98.9959076591651,5G
2022-01-17 00:00:00,North,57.07751935455475,3.4316359834304873,152.4158618205995,4G
2022-01-17 01:00:00,West,44.37533224105732,0.3482057408120287,77.76065948451674,4G
2022-01-17 02:00:00,East,56.32407739055521,0.8744071858797969,129.28354477504874,4G
2022-01-17 03:00:00,East,59.7255444962673,4.2786862945289315,119.93717546931616,4G
2022-01-17 04:00:00,North,56.21809962217196,1.1358977851175744,105.61272808980273,5G
2022-01-17 05:00:00,North,34.297752801095434,4.1852056262147,135.17240968390269,4G
2022-01-17 06:00:00,East,42.728628241751316,1.396380442272052,107.44210945213726,5G
2022-01-17 07:00:00,East,47.52481364448495,3.214409550293538,107.78318391335857,5G
2022-01-17 08:00:00,West,49.25566570899954,3.4707528675491552,98.9375869396491,4G
2022-01-17 09:00:00,West,56.206720975506784,2.5632737657252647,124.47137764837255,4G
2022-01-17 10:00:00,East,51.777010009332535,1.5265533834836564,121.92938467621767,4G
2022-01-17 11:00:00,West,36.64655641289899,1.0632218818554806,87.48645425007575,4G
2022-01-17 12:00:00,West,53.801978510059634,0.1659467728121311,73.61505610802465,5G
2022-01-17 13:00:00,South,56.10585745283823,1.519732006203619,95.94038725208686,5G
2022-01-17 14:00:00,West,55.5979044793104,3.265813952656415,83.99922871204707,4G
2022-01-17 15:00:00,North,60.807807255546216,4.691524092242413,98.7295085076929,5G
2022-01-17 16:00:00,West,58.33922154548904,4.35602241131526,124.74876269368278,5G
2022-01-17 17:00:00,West,54.59180079228437,3.830323882676513,90.8539668982642,5G
2022-01-17 18:00:00,East,49.29834288541353,3.9422367162664935,99.14353237376851,4G
2022-01-17 19:00:00,North,33.39039066484008,3.3249245173799764,101.1604546961679,5G
2022-01-17 20:00:00,West,54.296182191325855,1.301434287830015,116.96861764410569,4G
2022-01-17 21:00:00,West,52.076876871631114,4.535975153529149,55.0622133203079,4G
2022-01-17 22:00:00,South,52.715788371953735,3.3536615595291703,87.86599410469407,5G
2022-01-17 23:00:00,West,37.232514241796906,2.8022031549022,104.22567384558945,5G
2022-01-18 00:00:00,West,39.189434595917376,0.5549473460674054,124.00157912853723,4G
2022-01-18 01:00:00,South,60.53152853332904,2.235277719032127,90.1619510498759,5G
2022-01-18 02:00:00,East,49.60444846143345,2.3017913560096313,62.46894587916252,5G
2022-01-18 03:00:00,West,56.81500697372624,4.3228180476133495,112.39422891932273,4G
2022-01-18 04:00:00,South,50.28318376130461,2.733241100938942,87.29275222348741,4G
2022-01-18 05:00:00,North,50.297561394957455,1.9020027448520482,76.20666681819277,4G
2022-01-18 06:00:00,East,59.382838059759976,4.884001642553296,87.51309220573552,4G
2022-01-18 07:00:00,North,44.83955271782626,0.5536029666315784,96.309492846883,5G
2022-01-18 08:00:00,North,50.96120776940983,2.112742141559723,87.90510670923575,5G
2022-01-18 09:00:00,South,45.377247112949576,0.21012337585702645,55.888678858018615,4G
2022-01-18 10:00:00,West,45.65503772567684,3.6995206038346518,117.94132393774265,4G
2022-01-18 11:00:00,South,46.908278765313604,4.5903827609957535,125.49750082557445,4G
2022-01-18 12:00:00,South,52.22133771633713,1.4001866477524472,113.03043982679011,5G
2022-01-18 13:00:00,South,45.212513783365225,4.291708383995604,77.24628659150366,4G
2022-01-18 14:00:00,South,62.55756125573521,1.4610911523094887,95.97016932104964,5G
2022-01-18 15:00:00,East,41.05392697780496,4.553850808219576,99.86957369541084,4G
2022-01-18 16:00:00,West,48.13128355838641,3.7698095179839197,111.97588779123821,4G
2022-01-18 17:00:00,North,45.60268941725825,4.024533884207193,113.36680977436161,4G
2022-01-18 18:00:00,North,64.46977884353733,0.0900327780022725,85.31652402443008,5G
2022-01-18 19:00:00,West,51.965547765115744,4.81405178537013,101.63991112827121,5G
2022-01-18 20:00:00,North,60.31844539468635,3.633354960351616,109.14560809230483,5G
2022-01-18 21:00:00,West,35.14439626963028,1.5237554769306665,129.11644644293534,4G
2022-01-18 22:00:00,North,52.67050265869259,4.146973324294235,114.09013079649446,5G
2022-01-18 23:00:00,South,58.89630795623437,1.4076059920746498,115.78113374751038,5G
2022-01-19 00:00:00,North,50.82283989275424,4.363769197830639,101.67653255858721,4G
2022-01-19 01:00:00,West,60.654803750653514,0.5629019520596851,128.20918290407008,4G
2022-01-19 02:00:00,West,44.82711549899628,3.518429887303979,108.19525591918995,5G
2022-01-19 03:00:00,West,64.0934744018558,2.7034923832245514,82.77824179652859,5G
2022-01-19 04:00:00,West,72.9889812361925,0.48267235097720407,128.0673994025038,5G
2022-01-19 05:00:00,West,46.37161439560341,1.209469141294195,113.95806545078055,5G
2022-01-19 06:00:00,East,45.54497478599228,0.06202018138657395,91.13911957743035,4G
2022-01-19 07:00:00,East,64.533844771177,2.343839827322529,90.41014065201513,4G
2022-01-19 08:00:00,North,65.79572145730712,1.5063263038000019,105.93151090281523,4G
2022-01-19 09:00:00,West,44.771399728467316,2.991787421488794,109.2636959053517,5G
2022-01-19 10:00:00,North,45.798131829041424,1.486189038543086,103.94584531262413,5G
2022-01-19 11:00:00,West,47.18215391139493,1.4995955575349234,106.2261734688577,4G
2022-01-19 12:00:00,West,36.555494889657226,3.715965993658017,133.9991474915276,4G
2022-01-19 13:00:00,East,40.81348053515802,0.24071417989176724,121.43086304469772,5G
2022-01-19 14:00:00,East,39.95859233247932,4.514474975959936,103.81271182530048,5G
2022-01-19 15:00:00,South,42.32202434895871,4.261319371955907,118.82621161534966,4G
2022-01-19 16:00:00,East,49.65315112613219,3.3390234161320325,79.34952192944921,4G
2022-01-19 17:00:00,South,52.342147325365204,2.9661078505369214,107.95854099893617,4G
2022-01-19 18:00:00,South,65.50500492814076,4.4615124906982615,136.1861269946622,5G
2022-01-19 19:00:00,South,40.016459592612094,0.9266508976435722,95.63908209215252,5G
2022-01-19 20:00:00,South,59.843223984765835,0.39484581095414306,83.0473214276183,5G
2022-01-19 21:00:00,South,47.86011155774491,1.1975508495476905,86.9582222281388,5G
2022-01-19 22:00:00,North,49.50536290347567,3.9728913935009516,78.20733925315224,5G
2022-01-19 23:00:00,East,56.74819492166604,0.17335133363241662,84.30476183744594,5G
2022-01-20 00:00:00,South,38.772779784377015,2.914034175417448,92.58983802819942,4G
2022-01-20 01:00:00,West,53.82409746184051,4.977187580956549,71.88865961642716,4G
2022-01-20 02:00:00,East,51.66452208213056,4.278480469187697,100.31236667899206,5G
2022-01-20 03:00:00,East,54.92451264008149,2.607228445217947,118.04554347573294,4G
2022-01-20 04:00:00,South,52.89168643907818,0.3182045464332117,81.8448763970616,5G
2022-01-20 05:00:00,North,74.55300139910895,4.156867571928549,130.38567847283537,4G
2022-01-20 06:00:00,South,43.62260015748684,2.9948925408860525,110.21584177055189,5G
2022-01-20 07:00:00,North,44.690030449981826,0.5746649852978342,120.61161171248115,4G
2022-01-20 08:00:00,West,43.76859473575236,0.469286424116781,86.84330892295726,4G
2022-01-20 09:00:00,East,44.44522880839745,4.548134097182962,117.09050454133231,5G
2022-01-20 10:00:00,West,43.62612872693482,3.346001314690392,78.16132199209375,5G
2022-01-20 11:00:00,North,61.89016531107552,4.146433996583777,117.80495001673017,4G
2022-01-20 12:00:00,North,64.20504247989855,4.394894501411336,103.43678679587063,4G
2022-01-20 13:00:00,West,44.29253706250524,2.858861760241611,111.06502439969567,5G
2022-01-20 14:00:00,North,41.67644426895771,2.5872317587752063,76.48810788750296,4G
2022-01-20 15:00:00,West,54.71415556386404,2.152137051604951,82.09860315446791,5G
2022-01-20 16:00:00,East,44.477769557190285,1.5847329389555964,111.94456436506769,5G
2022-01-20 17:00:00,West,56.32931817755511,2.1729798042935586,81.03303991551599,4G
2022-01-20 18:00:00,East,52.029230208513,3.869398278650782,109.26412584198246,5G
2022-01-20 19:00:00,West,34.84255885002768,3.0096171550756576,72.65724387079509,4G
2022-01-20 20:00:00,North,65.47505201330061,4.462616449774231,116.96348425333336,4G
2022-01-20 21:00:00,West,67.95877673095522,2.216900071895939,75.34953370462982,5G
2022-01-20 22:00:00,North,43.87211309515614,3.03544789359377,111.04599875359047,4G
2022-01-20 23:00:00,West,46.122984400640156,3.1565377654599436,112.51261867292001,5G
2022-01-21 00:00:00,West,52.85865390724905,2.9584858115316277,86.0645636314085,5G
2022-01-21 01:00:00,South,53.34456789987025,3.5131688654275814,111.64053134169454,5G
2022-01-21 02:00:00,North,56.5854427267283,1.1871673418740314,105.20884526667112,4G
2022-01-21 03:00:00,South,70.1020453876635,2.561818887728953,89.22316287614524,5G
2022-01-21 04:00:00,North,48.2305277250595,0.5211240140417384,79.82890631847584,4G
2022-01-21 05:00:00,South,42.01702755461546,1.9225566382240626,60.74748616654842,5G
2022-01-21 06:00:00,East,36.20680771985473,2.438335343106322,106.99300094599387,5G
2022-01-21 07:00:00,West,42.69069960058081,3.2611212977273625,68.7039445727589,5G
2022-01-21 08:00:00,North,49.66873027126203,4.752655262931017,101.90688398882617,4G
2022-01-21 09:00:00,North,67.94557863517788,3.0032553327417792,94.73103567835501,4G
2022-01-21 10:00:00,West,44.823887009638284,3.717969580882799,113.58285550876391,5G
2022-01-21 11:00:00,North,52.237879516388986,2.5313302974760137,93.95909001020271,5G
2022-01-21 12:00:00,North,49.83577103927248,3.170520156881657,93.41104427305817,4G
2022-01-21 13:00:00,South,61.88393273448084,0.35466108066886715,114.63741408576591,4G
2022-01-21 14:00:00,North,75.26932425873622,1.271957904209235,106.70116058168234,4G
2022-01-21 15:00:00,East,44.69131227079679,1.8092654660256935,106.32311914365556,5G
2022-01-21 16:00:00,East,45.10560557481778,2.362466775032568,109.38535179617053,4G
2022-01-21 17:00:00,West,60.44160877069072,0.22824372751191868,69.28855753585788,5G
2022-01-21 18:00:00,North,56.81891489626312,0.7001204877665884,115.13577359973964,4G
2022-01-21 19:00:00,West,68.46707325736034,1.3840715389565288,112.24937588027204,5G
2022-01-21 20:00:00,East,55.839281853259635,4.8576634545052535,79.66633742847006,5G
2022-01-21 21:00:00,North,46.40707909212941,1.6567350355152537,95.11839052651598,5G
2022-01-21 22:00:00,North,55.90654830692309,2.4102052905604125,99.21385424744737,4G
2022-01-21 23:00:00,West,61.087035805829075,0.9804885636919647,97.31006431196535,4G
2022-01-22 00:00:00,East,58.204821811973645,3.0539003553788415,106.67719933137069,4G
2022-01-22 01:00:00,North,55.07274031107298,1.4034160775798714,128.62733563662368,5G
2022-01-22 02:00:00,West,60.666746895891535,1.0349628921921339,121.63533455345657,5G
2022-01-22 03:00:00,East,61.692955904456724,2.582863142229895,73.75561613137188,4G
2022-01-22 04:00:00,West,63.82158991037527,0.027528995802104106,112.44139980612097,5G
2022-01-22 05:00:00,South,56.48709887589643,0.03832016324612664,126.5786663907082,5G
2022-01-22 06:00:00,North,48.328819196831454,1.0953440455092889,107.73617041378405,5G
2022-01-22 07:00:00,South,51.46713686433323,0.1836068125041057,121.81960850371934,4G
2022-01-22 08:00:00,East,62.06508966508357,0.5401287706534569,140.2454089140153,5G
2022-01-22 09:00:00,South,41.83064329012764,1.694303246693758,120.47419092213963,4G
2022-01-22 10:00:00,South,53.686733088729014,4.012928397899064,104.98617191283458,4G
2022-01-22 11:00:00,East,46.06661187672639,2.860243216846504,120.90176948169507,4G
2022-01-22 12:00:00,West,50.28744822934817,2.563338629782082,102.89775666193782,4G
2022-01-22 13:00:00,South,62.78451862607299,1.4674441160406082,100.4780608656991,4G
2022-01-22 14:00:00,West,51.910990680199035,4.658768597164082,92.97171528572535,5G
2022-01-22 15:00:00,South,50.46436548156149,1.9850752061859582,131.26826717664215,4G
2022-01-22 16:00:00,West,36.40143859020081,0.43546383397885746,83.63142668115998,4G
2022-01-22 17:00:00,East,57.46253566027221,3.0853325805890064,130.64735449356232,4G
2022-01-22 18:00:00,South,56.45484181141075,0.569191967383007,109.99728247480743,5G
2022-01-22 19:00:00,East,71.6325472330546,1.7261157140084604,72.01387650396117,5G
2022-01-22 20:00:00,South,46.92221765046999,2.537059693589044,107.35298585982844,5G
2022-01-22 21:00:00,East,52.19150327663939,4.371112623425879,57.99946984696752,5G
2022-01-22 22:00:00,East,52.49383683710755,2.467732901700593,112.51016033662071,4G
2022-01-22 23:00:00,South,65.77453279763475,3.5112938301583214,117.70462965977981,4G
2022-01-23 00:00:00,South,49.047044676130476,4.964084194995352,88.15288088695893,5G
2022-01-23 01:00:00,South,52.790215257703395,0.6574455994899081,102.47095391911165,5G
2022-01-23 02:00:00,North,56.078965097165394,1.3736576275975976,139.08314867500573,5G
2022-01-23 03:00:00,West,51.86609123156358,1.972880377988232,89.88506591476127,5G
2022-01-23 04:00:00,North,45.535663854494715,2.109140892694157,78.82184825886799,4G
2022-01-23 05:00:00,North,51.94089992898308,2.0551053763277287,129.63326804925197,5G
2022-01-23 06:00:00,East,60.73631749859772,4.538055012782775,139.2517438106159,5G
2022-01-23 07:00:00,South,39.7348470058894,3.570163222334282,100.07391343695694,5G
2022-01-23 08:00:00,West,51.32969674146876,3.039526070453519,120.22926070816712,5G
2022-01-23 09:00:00,East,42.99879185060827,1.5468635893139104,126.82951831061763,5G
2022-01-23 10:00:00,North,61.950466289248425,4.118951921106474,85.15031534923232,5G
2022-01-23 11:00:00,South,34.76813095216225,4.775302557424944,90.29388329264263,5G
2022-01-23 12:00:00,East,44.410781527284115,4.105991412751132,124.6174902630947,4G
2022-01-23 13:00:00,South,53.772118750645205,0.00782552595736452,133.70028557417018,4G
2022-01-23 14:00:00,East,65.65524029234341,3.182006850917035,111.2576172034871,4G
2022-01-23 15:00:00,South,49.34249738927012,0.2556769072105036,82.40371292995891,4G
2022-01-23 16:00:00,North,44.44800473306802,1.2880361016686093,139.74122223398882,4G
2022-01-23 17:00:00,West,68.8115706944059,0.29762350173885843,89.38058204376071,4G
2022-01-23 18:00:00,North,35.51986099583756,3.0189772647469386,93.29724437657096,5G
2022-01-23 19:00:00,West,28.011940433799182,3.4329495674630337,106.84675668979243,5G
2022-01-23 20:00:00,South,54.40014450053332,0.5724381903295256,131.08320841429548,4G
2022-01-23 21:00:00,East,44.97945775647389,1.9191944152248974,117.07951953104447,5G
2022-01-23 22:00:00,North,39.787671828692865,2.2811825447777103,108.29731000723821,4G
2022-01-23 23:00:00,West,57.08356447299353,1.845265108804583,109.26577060236212,5G
2022-01-24 00:00:00,North,52.43800713771199,0.6051250024259652,100.87029337286933,5G
2022-01-24 01:00:00,West,44.359213692632714,2.0947389509373773,111.16279029037013,5G
2022-01-24 02:00:00,North,37.19695601329106,3.7558902390420905,49.40879844611394,5G
2022-01-24 03:00:00,West,58.724573282801444,0.35503832266627733,94.06785081860403,5G
2022-01-24 04:00:00,West,56.50201177958661,0.40090007040951725,104.82643869833562,5G
2022-01-24 05:00:00,South,49.00824136220617,1.773856459179921,76.97971832760986,4G
2022-01-24 06:00:00,West,68.46636996047665,4.708628558094626,107.7264663562312,4G
2022-01-24 07:00:00,South,39.29915233673847,3.3428632336145703,95.91057558027757,5G
2022-01-24 08:00:00,West,34.74474829075261,3.393349783362824,135.1095139663098,4G
2022-01-24 09:00:00,East,43.080919301187556,1.8095999541893248,131.46039450429714,5G
2022-01-24 10:00:00,East,49.54413983644502,2.9683039560426923,90.68388861763674,4G
2022-01-24 11:00:00,East,52.43339449322692,0.05065592013871689,96.9832457686661,5G
2022-01-24 12:00:00,West,47.5876394214367,3.180480232047711,98.52104868783215,4G
2022-01-24 13:00:00,South,53.520553965142966,4.566434737881184,90.96681047680755,5G
2022-01-24 14:00:00,South,37.48460575809556,3.062867341724096,103.90049968056253,4G
2022-01-24 15:00:00,West,64.4376460407326,4.368492967331726,84.8343586222482,5G
2022-01-24 16:00:00,East,49.178488216074314,3.619865277330469,77.38769330124947,4G
2022-01-24 17:00:00,East,61.172958315881274,0.6027920820184512,112.45422447800537,5G
2022-01-24 18:00:00,South,53.42725346377704,4.512266536429209,112.59059168443622,5G
2022-01-24 19:00:00,East,54.567532191537836,0.3322192217788744,83.91368480680015,5G
2022-01-24 20:00:00,North,55.69767280232204,2.6698373627388188,117.90710861525199,4G
2022-01-24 21:00:00,South,54.47708560017315,0.7106856189672883,87.36844541669338,4G
2022-01-24 22:00:00,East,56.42722759867544,0.05853305365452033,105.06330476075962,4G
2022-01-24 23:00:00,South,63.29152530132431,2.110171300638195,116.40688025224912,5G
2022-01-25 00:00:00,North,51.9652116970147,1.4752035382707813,99.32774870592574,4G
2022-01-25 01:00:00,South,57.09003757588512,2.430002468988015,109.09481824282268,5G
2022-01-25 02:00:00,South,49.102643057127736,2.885999433672754,89.67140712224857,4G
2022-01-25 03:00:00,South,64.40117215449473,0.2186953615447368,96.07066833143806,4G
2022-01-25 04:00:00,South,43.2360769794073,0.6150164756187282,95.88281138239319,4G
2022-01-25 05:00:00,North,68.00940432910815,2.7932119822521266,85.06843306919522,4G
2022-01-25 06:00:00,West,49.59842049355657,1.7158367658632911,96.46451673768436,5G
2022-01-25 07:00:00,South,35.69224897881952,3.64586743774724,69.02763402272507,4G
2022-01-25 08:00:00,South,51.28104414910789,3.2614582429596983,90.1769250571579,4G
2022-01-25 09:00:00,East,43.18948342525119,4.228021814949534,94.30249013260658,5G
2022-01-25 10:00:00,South,58.406435489887244,3.4624641333461263,94.8764049500924,5G
2022-01-25 11:00:00,East,43.47376020697609,2.149655386950741,95.17005108258442,4G
2022-01-25 12:00:00,West,45.538165667852205,3.364833111972162,98.76471600279743,4G
2022-01-25 13:00:00,North,31.104592690544692,1.3769058712770925,109.58883036172128,5G
2022-01-25 14:00:00,North,45.47693680750923,1.5315674938910635,117.49034148265045,5G
2022-01-25 15:00:00,West,25.761206733710434,3.9449257996039666,87.00469546303466,5G
2022-01-25 16:00:00,North,34.16097176514277,2.2320975820079108,75.93598289221711,4G
2022-01-25 17:00:00,West,57.604146561442974,3.9919017025917625,79.15911175513794,4G
2022-01-25 18:00:00,West,57.85800158650832,4.112111868341392,90.25594157610146,4G
2022-01-25 19:00:00,West,54.254575617849646,4.287811688306419,92.96157364366982,5G
2022-01-25 20:00:00,North,40.33023856870787,4.583176179206037,84.60007867605086,5G
2022-01-25 21:00:00,East,49.5228864385802,2.154926102566481,74.07766671500211,5G
2022-01-25 22:00:00,West,49.963974609094315,1.594334091605694,90.87758345051624,4G
2022-01-25 23:00:00,South,38.416353108074574,2.910993732970569,103.62853240227943,5G
2022-01-26 00:00:00,North,65.0339830176715,1.855862117188138,111.90058931671129,4G
2022-01-26 01:00:00,West,58.77362290575671,3.0053708340011647,88.85153893783358,5G
2022-01-26 02:00:00,West,47.79035826170336,3.527929313219123,91.74004355713132,4G
2022-01-26 03:00:00,South,50.26885838994531,3.4420250924606846,81.46603382305378,4G
2022-01-26 04:00:00,East,52.08382807947552,1.8727644351006068,99.37121659250447,5G
2022-01-26 05:00:00,East,29.582651315757094,0.8343010084937641,83.03142731618371,4G
2022-01-26 06:00:00,East,47.52822617479403,2.1526466923110377,111.462556264824,5G
2022-01-26 07:00:00,West,43.180157520022014,0.7129707204095437,64.28267016131778,4G
2022-01-26 08:00:00,West,39.983799901050844,4.450485175919042,92.80740655095076,5G
2022-01-26 09:00:00,West,47.18899707114045,1.729387303689287,106.02214678383484,5G
2022-01-26 10:00:00,North,67.97686526849523,0.7722987361166189,103.67669032645009,4G
2022-01-26 11:00:00,South,56.4084286126701,0.1272387995287544,153.86067327960993,5G
2022-01-26 12:00:00,West,44.28821010217203,3.2291119314324215,106.99600049135815,4G
2022-01-26 13:00:00,South,55.72582781356159,3.1845115872737164,79.91890806315979,5G
2022-01-26 14:00:00,South,63.99355436586002,1.7030208329064584,98.09071505821854,5G
2022-01-26 15:00:00,East,59.246336829127685,0.35855944423825503,64.47507333067097,5G
2022-01-26 16:00:00,North,50.59630369920174,2.0481444744761603,98.38800501406479,5G
2022-01-26 17:00:00,West,43.53063222294426,1.5560874753169678,83.33887885998483,4G
2022-01-26 18:00:00,East,56.982233136135896,3.3856031986750468,118.30780551120324,5G
2022-01-26 19:00:00,East,53.934853854217494,3.028896247263452,89.00919450808931,5G
2022-01-26 20:00:00,West,58.95193220027733,1.8229686409877,97.66468168409507,4G
2022-01-26 21:00:00,South,56.351718016819696,1.0894627712749505,87.28884317191194,4G
2022-01-26 22:00:00,East,60.49552715319335,4.940179830777959,134.77702703706663,4G
2022-01-26 23:00:00,South,44.64764788439432,2.2700081059805743,93.57514467764176,4G
2022-01-27 00:00:00,North,63.173940656343255,3.441371178901185,136.65114086958403,4G
2022-01-27 01:00:00,South,51.975996046923996,0.7027648378918039,116.28303524236533,4G
2022-01-27 02:00:00,North,70.75260872625265,2.427948498296989,109.64133454670772,5G
2022-01-27 03:00:00,South,43.10812181910432,0.13768359934732743,107.3746629463504,4G
2022-01-27 04:00:00,East,67.3596380316525,2.5272755895522496,107.87594596432503,5G
2022-01-27 05:00:00,East,51.979107834626475,4.820087035588512,61.4465484130878,4G
2022-01-27 06:00:00,North,43.48581996385552,1.9210335649290011,94.42233211698488,5G
2022-01-27 07:00:00,West,45.16114165945678,0.19498006287455794,116.90315942368643,5G
2022-01-27 08:00:00,North,46.7965269180568,0.15477895459671764,99.02205633051788,5G
2022-01-27 09:00:00,North,54.241659464019165,1.9399337997343475,71.8962030639285,4G
2022-01-27 10:00:00,South,55.228354880355,0.8001246823159702,98.9519109884506,4G
2022-01-27 11:00:00,South,44.26299996061421,0.11676048164092956,134.08211032510982,4G
2022-01-27 12:00:00,North,49.756454077390174,3.781068069750884,124.93783431069438,4G
2022-01-27 13:00:00,East,71.42270358611864,2.2926150444094535,98.75991981267937,5G
2022-01-27 14:00:00,South,67.27543170100711,1.4462238598632726,119.02898554116173,4G
2022-01-27 15:00:00,West,54.36323669674032,4.500415915082404,92.66985959263896,5G
2022-01-27 16:00:00,South,50.380034781682,0.580694801002628,65.92256826346562,5G
2022-01-27 17:00:00,South,51.200313267182615,4.779594144776596,81.5106802374089,4G
2022-01-27 18:00:00,West,56.13517972730416,1.569833586886764,131.25777537016396,4G
2022-01-27 19:00:00,North,39.77207434801595,4.442018361543406,94.52013836341392,4G
2022-01-27 20:00:00,West,47.42623462576655,3.0147143823973077,95.13232041249964,5G
2022-01-27 21:00:00,North,33.314159261224106,4.133536798707437,94.00323607450238,4G
2022-01-27 22:00:00,North,53.992231226052795,4.920065816052322,138.08273179146013,5G
2022-01-27 23:00:00,North,56.47195939702741,1.4420271890937286,132.51917830724125,4G
2022-01-28 00:00:00,West,45.16813537700626,4.805677427037965,144.3756046689627,5G
2022-01-28 01:00:00,North,65.73986763290033,1.9474094745121018,96.81909579199898,4G
2022-01-28 02:00:00,East,37.74234336997659,1.9275595236846117,105.9124897749419,4G
2022-01-28 03:00:00,West,35.3562511979018,1.7019355212725285,69.66714901158417,5G
2022-01-28 04:00:00,East,52.24451818559972,2.707038036737926,129.53868852236548,4G
2022-01-28 05:00:00,North,60.470983026121544,0.7707252158924355,76.6444089746413,4G
2022-01-28 06:00:00,South,66.83927691457869,2.768557426790056,104.33551127525259,4G
2022-01-28 07:00:00,North,45.4111573713106,2.70852406205002,78.05394944734311,4G
2022-01-28 08:00:00,East,60.78680833431296,3.80950906302435,88.22266346522608,4G
2022-01-28 09:00:00,East,49.61491530499293,4.168249809687928,83.254751379006,4G
2022-01-28 10:00:00,West,48.273727000591805,2.2022067515621204,87.84249478648364,4G
2022-01-28 11:00:00,South,58.83659937486672,1.5116662467574686,89.21754593702043,5G
2022-01-28 12:00:00,West,56.5232287841342,1.2966744865854722,89.03462410149845,5G
2022-01-28 13:00:00,East,34.236078430157505,0.9731191835243597,116.66667823560614,4G
2022-01-28 14:00:00,North,64.76540349725896,0.2882379109951244,77.9027441387496,4G
2022-01-28 15:00:00,South,63.800913541474515,1.7122398941735666,104.41082854027734,4G
2022-01-28 16:00:00,North,43.74437298490471,1.3512384606539163,124.35918304611117,5G
2022-01-28 17:00:00,North,53.95803533437409,4.8320869293320365,89.73607270973208,5G
2022-01-28 18:00:00,South,54.94030186282739,2.7885441312502195,85.64162218504796,4G
2022-01-28 19:00:00,West,52.60673765823907,1.7363851951525378,95.38950749639498,5G
2022-01-28 20:00:00,North,44.4969484615458,2.90233800496848,123.59450416721421,4G
2022-01-28 21:00:00,East,43.283766320619485,0.6959835067284775,103.88215261906716,4G
2022-01-28 22:00:00,North,49.744459290085544,2.2202187460110148,89.37571410784803,4G
2022-01-28 23:00:00,South,61.72729019259364,3.131171607105319,109.67753302376079,4G
2022-01-29 00:00:00,South,55.43600154594432,2.444489158962257,77.95415700327153,5G
2022-01-29 01:00:00,South,46.29385667913894,2.0088940032716214,113.62719020885896,5G
2022-01-29 02:00:00,West,57.716987106483444,4.969241944498491,108.17214615403535,4G
2022-01-29 03:00:00,North,21.514573793699245,4.401573810744635,93.84383057722232,5G
2022-01-29 04:00:00,West,61.48765700372103,3.1170297907972007,83.22828403105538,5G
2022-01-29 05:00:00,West,32.60286221221901,2.8468868059114136,82.26638155433085,4G
2022-01-29 06:00:00,South,46.37559058596868,3.1033023991229203,110.69634672691821,5G
2022-01-29 07:00:00,South,38.803301053738565,1.0065605391121664,124.57961004978124,4G
2022-01-29 08:00:00,West,37.053185242790946,1.975688716321593,87.25384505942411,4G
2022-01-29 09:00:00,North,61.608267873785195,0.1972976644544966,109.16773407102968,4G
2022-01-29 10:00:00,East,45.32298798688109,2.3777301874341332,58.25945962795863,4G
2022-01-29 11:00:00,West,53.46503881730716,2.7151229197883158,88.30764538685601,5G
2022-01-29 12:00:00,North,49.53079421120816,1.138748680516048,99.37882134258196,4G
2022-01-29 13:00:00,South,54.770408272231215,4.820144235827569,81.80633166036333,5G
2022-01-29 14:00:00,South,50.768218910602556,4.54727305468621,81.26987250420808,4G
2022-01-29 15:00:00,North,37.1700777581143,3.6107161772795293,86.64440887062227,4G
2022-01-29 16:00:00,East,59.9626681944714,2.666933143826813,105.84385456652747,5G
2022-01-29 17:00:00,South,45.06243416838687,4.349845798238425,96.2534196318725,4G
2022-01-29 18:00:00,South,34.434181013402494,0.6532617191173146,55.235375333500556,5G
2022-01-29 19:00:00,South,45.718848390340874,3.952548971374425,57.585996947298675,5G
2022-01-29 20:00:00,North,65.00759790634311,0.6241040698342415,87.86269644285649,4G
2022-01-29 21:00:00,West,58.50221742113493,3.971053312747027,109.15373172107104,4G
2022-01-29 22:00:00,South,46.51347865592141,1.3788378412567848,45.04990314549531,4G
2022-01-29 23:00:00,West,46.50742295681571,4.385452905090944,90.00539647696739,4G
2022-01-30 00:00:00,East,46.783649487826175,4.7202104691269895,89.47504286965157,4G
2022-01-30 01:00:00,South,70.76747983560841,0.7439798470255782,127.76675556416896,4G
2022-01-30 02:00:00,South,53.819354522315535,2.3133780253269673,92.29956376574273,5G
2022-01-30 03:00:00,East,54.300416471910694,4.904936890813426,107.65977969481857,5G
2022-01-30 04:00:00,South,60.30283454031842,2.417037179865733,102.82514280174927,4G
2022-01-30 05:00:00,West,52.387891590265134,4.317737612572726,57.38867040385599,5G
2022-01-30 06:00:00,North,47.40957854179297,2.943657610656599,115.36414433263475,5G
2022-01-30 07:00:00,West,48.03650150915022,1.8766495395980094,104.30793010912576,4G
2022-01-30 08:00:00,North,49.283987405859364,1.428917777629351,110.1653727934918,4G
2022-01-30 09:00:00,North,49.627777634901584,1.0161154554304364,178.52475412872653,5G
2022-01-30 10:00:00,West,57.2762954363698,3.8089909568884863,58.31774121002823,4G
2022-01-30 11:00:00,West,50.519458858072994,1.9327025341151394,134.49393299522217,5G
2022-01-30 12:00:00,West,57.32640077215579,2.5563773110037555,94.25104961199288,4G
2022-01-30 13:00:00,West,49.19283419891418,2.4616274000059097,105.74657808806019,5G
2022-01-30 14:00:00,East,50.786351903160906,2.8863951461656563,99.08975509397516,5G
2022-01-30 15:00:00,South,30.017993154678923,4.327885728122761,91.51527333203913,5G
2022-01-30 16:00:00,North,59.16327674702482,4.903696717917147,88.60334143522482,5G
2022-01-30 17:00:00,West,53.46488475897993,2.0379210428690846,106.59017471146018,4G
2022-01-30 18:00:00,West,59.98010109859652,4.137594610531515,69.65652606656641,4G
2022-01-30 19:00:00,West,21.037446218063106,3.8226389732735884,115.01158335043532,5G
2022-01-30 20:00:00,East,70.88374704780728,2.8676447572778665,91.67611190229492,5G
2022-01-30 21:00:00,West,48.604103718448265,4.780235718059665,77.39861321919284,4G
2022-01-30 22:00:00,West,61.081828167375164,1.002372577642014,90.99974284008373,4G
2022-01-30 23:00:00,West,39.60094072874469,0.5463210515481071,125.14298433725145,5G
2022-01-31 00:00:00,South,56.1277390506257,4.269809834777111,89.29329825967554,5G
2022-01-31 01:00:00,East,39.46584436826344,2.1957490831687414,107.1690723641924,5G
2022-01-31 02:00:00,West,43.76231039304195,4.2348442710353025,85.38087448569053,5G
2022-01-31 03:00:00,North,69.14031353866787,4.4654510259770746,115.1584369984724,5G
2022-01-31 04:00:00,North,48.09317599236653,0.3122879680953572,113.71015477580409,4G
2022-01-31 05:00:00,North,52.17432873179723,4.417323814930303,136.97217666592823,5G
2022-01-31 06:00:00,East,58.70067730688754,2.241595276847111,96.48872109001569,4G
2022-01-31 07:00:00,East,54.95681887972604,2.5521624450211613,113.37309609515813,4G
2022-01-31 08:00:00,North,51.504189051435766,3.132962555466051,101.9613507907789,4G
2022-01-31 09:00:00,West,53.64961002466225,4.6319130336504335,125.91743563726028,5G
2022-01-31 10:00:00,East,74.03415585238275,0.09558047214882015,85.6233522478254,4G
2022-01-31 11:00:00,North,49.42381202966415,2.3842173415890855,114.90010625754562,4G
2022-01-31 12:00:00,North,52.010990467149675,3.4386102121528035,96.10605407766637,4G
2022-01-31 13:00:00,West,60.50654396007612,3.613534788491142,98.71623645783005,4G
2022-01-31 14:00:00,South,61.05525932957984,3.46266215768554,101.83504968896746,5G
2022-01-31 15:00:00,East,61.8703030556038,0.6721756470406093,105.04480792853354,5G
2022-01-31 16:00:00,West,56.38730222029184,1.4969779418584062,97.67541913756084,4G
2022-01-31 17:00:00,North,38.569950872695166,1.7935776270850674,104.29426366341053,4G
2022-01-31 18:00:00,North,66.33431532301096,4.022186038397525,131.5623611512437,5G
2022-01-31 19:00:00,West,38.53654606981312,1.3937993620727651,119.70899371230436,5G
2022-01-31 20:00:00,East,53.02635465239033,1.0535248193360158,117.38309184993793,5G
2022-01-31 21:00:00,South,42.45724149980642,4.787240095190481,90.88920947952259,4G
2022-01-31 22:00:00,South,49.35861653407007,0.0443164255673445,82.21518343543352,5G
2022-01-31 23:00:00,North,53.2876241030348,4.989104278409891,119.10601116475506,4G
2022-02-01 00:00:00,East,53.21357215450273,3.384106494286978,117.52093585059589,4G
2022-02-01 01:00:00,South,54.21920754235285,4.142346497245585,129.45341351501963,5G
2022-02-01 02:00:00,East,66.13711269058646,1.4730969817309658,87.9203874806154,4G
2022-02-01 03:00:00,East,54.5353430151398,0.07157638833529989,95.40902689279307,5G
2022-02-01 04:00:00,North,47.558433647093516,3.6893475928076502,67.21031674949131,4G
2022-02-01 05:00:00,South,59.64087168288357,4.170722985003379,92.15057787878254,5G
2022-02-01 06:00:00,West,61.894704889246405,3.702380659767596,119.93141021158894,4G
2022-02-01 07:00:00,North,37.72392184863008,0.714251436504193,90.67009241543605,4G
2022-02-01 08:00:00,South,55.97400069849858,3.767139611284845,112.80959590401648,5G
2022-02-01 09:00:00,South,57.01172742310898,3.8446139105382047,96.18993788004377,5G
2022-02-01 10:00:00,South,47.02436496640008,3.2927025783502746,106.48114056443121,5G
2022-02-01 11:00:00,South,63.75706813311619,3.830579663977931,77.04617220368665,5G
2022-02-01 12:00:00,South,48.499444129674735,4.229607198388661,101.70418899267803,4G
2022-02-01 13:00:00,East,51.255764534715425,3.068020571187292,40.177280581985535,5G
2022-02-01 14:00:00,North,48.2692817571613,0.4430235698483953,96.2620768367603,5G
2022-02-01 15:00:00,East,50.155790475814676,2.4381390483360543,67.3905351256972,4G
2022-02-01 16:00:00,West,39.037249131047986,0.3882466733580253,124.11989033093633,5G
2022-02-01 17:00:00,South,35.59949117405706,2.037715155162154,115.54814705529023,5G
2022-02-01 18:00:00,North,65.94505063224972,2.0355324456281383,109.33341963932162,4G
2022-02-01 19:00:00,South,41.53038651681672,0.3300492207012079,130.4201245431876,5G
2022-02-01 20:00:00,North,40.08607650543693,1.7441026698473965,81.02166958350325,5G
2022-02-01 21:00:00,East,28.466098863962852,0.5549904939565742,134.94726395831117,5G
2022-02-01 22:00:00,North,43.610382523104974,4.0411760500461105,118.6438312852077,5G
2022-02-01 23:00:00,West,36.76910206592502,4.7384401298223535,95.26889425562108,5G
2022-02-02 00:00:00,West,66.4201516013637,0.36158237628969303,122.71240294365889,5G
2022-02-02 01:00:00,North,60.09817089342634,4.775576036458507,77.87412975176731,4G
2022-02-02 02:00:00,North,43.118496548222765,2.6128829966837257,83.50971676944653,5G
2022-02-02 03:00:00,North,72.52435805344308,1.4978283897693694,87.828205535206,4G
2022-02-02 04:00:00,North,59.81765486991594,0.38431037638081755,89.4204458387197,4G
2022-02-02 05:00:00,West,46.75168616491378,2.503121340352089,78.86884714479494,4G
2022-02-02 06:00:00,South,25.00594285126427,3.9725777224537433,124.4616613419065,4G
2022-02-02 07:00:00,North,72.90942572590743,3.5354323863334907,94.82291199260337,5G
2022-02-02 08:00:00,North,36.10427533236404,0.2511300573198688,107.05009936713759,5G
2022-02-02 09:00:00,West,33.546012530431085,0.36450917683951756,88.59297267172639,5G
2022-02-02 10:00:00,West,60.225704320096405,2.0143664131631853,63.58793398902966,4G
2022-02-02 11:00:00,East,74.39752406339272,1.4764524702397164,105.40114716782844,5G
2022-02-02 12:00:00,North,63.84272818510518,1.1619216152802392,61.75490049160446,5G
2022-02-02 13:00:00,East,55.639091200523595,1.405022494543568,98.62731907829063,5G
2022-02-02 14:00:00,West,55.94754341665286,4.017413716484423,72.6336992233438,4G
2022-02-02 15:00:00,West,58.53415558780308,4.64614026815927,139.74551998461615,4G
2022-02-02 16:00:00,South,57.589285897867654,2.025513472637832,118.22725444349443,5G
2022-02-02 17:00:00,North,52.811914239693756,4.530555010662486,102.11507582542961,4G
2022-02-02 18:00:00,East,51.04201103951876,1.60747850623941,125.27413355309338,4G
2022-02-02 19:00:00,West,49.374068721004775,2.382184931718958,83.07368045068529,5G
2022-02-02 20:00:00,West,42.46035411133324,1.1301449890799986,110.86958757340186,4G
2022-02-02 21:00:00,East,47.19324923133226,3.2023802108792196,103.99620867437427,4G
2022-02-02 22:00:00,South,33.07043185804615,4.894905575874045,105.2804016266734,5G
2022-02-02 23:00:00,West,49.0166037320525,3.0174654802168934,125.44707000213535,4G
2022-02-03 00:00:00,North,40.11408892849083,1.7890704205677443,114.64984205559604,4G
2022-02-03 01:00:00,West,38.964106827842286,3.239087229952642,105.77447325650047,4G
2022-02-03 02:00:00,North,51.798941511534785,0.6146033923269378,66.90225127543408,4G
2022-02-03 03:00:00,East,63.92002286344599,4.443295401326993,80.79907409441073,4G
2022-02-03 04:00:00,North,59.183166060023126,2.515419753899182,97.54582132808552,4G
2022-02-03 05:00:00,East,34.29499396376823,2.24674871019821,101.86744748553302,4G
2022-02-03 06:00:00,North,40.10371863429663,2.929323942267596,77.39592550652152,4G
2022-02-03 07:00:00,East,59.40771187988216,3.1239193139470123,148.23353351156842,5G
2022-02-03 08:00:00,North,40.175126064616904,0.35887903113256514,130.32788110507147,5G
2022-02-03 09:00:00,South,47.753668500029754,3.413086106117012,112.04236640784967,5G
2022-02-03 10:00:00,North,55.50052099024552,1.209658401577648,101.4407372256749,5G
2022-02-03 11:00:00,North,40.31655545136365,3.569763162532949,95.75582060197696,4G
2022-02-03 12:00:00,South,51.0537550614596,4.112673971920984,80.96163079955528,5G
2022-02-03 13:00:00,West,36.65974505081795,4.019792537762601,101.54961037037725,5G
2022-02-03 14:00:00,West,43.98632356048786,2.7625048370394456,105.15505080285502,4G
2022-02-03 15:00:00,North,53.19781934142537,2.600849461553756,75.16478849036751,4G
2022-02-03 16:00:00,South,34.070062664683306,0.7143798066970586,106.68352834489795,4G
2022-02-03 17:00:00,North,54.40474737960399,3.876730752015678,96.89481902350502,4G
2022-02-03 18:00:00,East,49.803622010733186,1.3570469022335718,61.84384884245218,4G
2022-02-03 19:00:00,East,55.524899544171475,2.483477114089733,82.79229978440996,5G
2022-02-03 20:00:00,North,52.23914134064661,1.4213704646375835,91.72788933156711,4G
2022-02-03 21:00:00,West,63.64140429973844,0.6691418149984657,137.7537531468038,5G
2022-02-03 22:00:00,West,51.25224502647907,3.1477884844586828,111.13106249067516,5G
2022-02-03 23:00:00,North,45.70594458874747,0.27166017411451915,73.29036861800218,4G
2022-02-04 00:00:00,North,51.222975030322836,3.743226170631,109.72072578835274,5G
2022-02-04 01:00:00,East,55.43298029036388,1.5879339763055833,69.05392022123269,5G
2022-02-04 02:00:00,West,50.48860070325704,0.0006734650224266003,121.65382107774147,4G
2022-02-04 03:00:00,North,50.405916912038826,2.555645696186149,90.57750696364243,5G
2022-02-04 04:00:00,East,42.980083121932445,0.23425954263801563,98.12727622521658,5G
2022-02-04 05:00:00,West,43.37099082449052,1.3808477891044975,126.5159329508438,5G
2022-02-04 06:00:00,South,35.97394728200307,3.534882437278581,74.256728628315,4G
2022-02-04 07:00:00,East,67.4957674318694,0.3134481081093293,72.05763629774017,4G
2022-02-04 08:00:00,West,37.56136764608715,4.196692461780012,88.3280134730799,4G
2022-02-04 09:00:00,West,43.07094802204092,0.01909961329291554,120.76757702038634,5G
2022-02-04 10:00:00,East,42.81592734430802,1.2341193460095112,69.61307849046315,4G
2022-02-04 11:00:00,South,58.949243769444415,3.704520280760357,43.35688803778862,5G
2022-02-04 12:00:00,East,47.05050321707972,1.581350748646534,90.97682283182003,4G
2022-02-04 13:00:00,West,62.477420726737336,0.5094619403300676,111.0348159982184,5G
2022-02-04 14:00:00,North,43.26509375756132,1.8011695940021393,124.00523499477659,4G
2022-02-04 15:00:00,North,52.78994162223802,1.3519664319226277,90.73677275829202,4G
2022-02-04 16:00:00,East,41.64652946740243,4.213559510802774,91.77146785767995,5G
2022-02-04 17:00:00,West,71.45149127773388,1.5667395879257158,123.07801468511494,4G
2022-02-04 18:00:00,North,38.12401580970487,3.944662358880036,62.605166006091586,5G
2022-02-04 19:00:00,West,53.09820710227027,4.459360724053674,92.22958449633981,4G
2022-02-04 20:00:00,East,56.337768809320984,2.1690870978826475,103.80847779850116,4G
2022-02-04 21:00:00,North,54.137990974514985,4.54971571927196,108.98437442570068,5G
2022-02-04 22:00:00,West,48.147123411222914,1.8865902698159642,89.80386613618235,5G
2022-02-04 23:00:00,North,48.70179300266574,4.820392082450541,100.68882023411683,5G
2022-02-05 00:00:00,East,50.438114719791095,0.44644762262786464,50.23345293174021,4G
2022-02-05 01:00:00,West,48.529979983715116,3.435096332516214,86.83503175332304,5G
2022-02-05 02:00:00,North,59.638791167949094,2.4690702022846436,109.07017425108936,4G
2022-02-05 03:00:00,East,72.10523001591352,1.9382440272782353,80.35411931490641,5G
2022-02-05 04:00:00,North,44.425082149921664,3.1635593937430047,101.17968443179194,5G
2022-02-05 05:00:00,North,36.301970204209226,3.519285458171656,108.93745001605396,5G
2022-02-05 06:00:00,South,49.117179516487454,0.021816348251545437,93.1490159828447,5G
2022-02-05 07:00:00,South,75.79709337654319,0.8347654437359936,103.40927541993142,5G
2022-02-05 08:00:00,East,41.963254320302696,3.5652302531715936,80.74534869430775,5G
2022-02-05 09:00:00,South,66.39116805444067,3.331927067891032,95.86777440607906,4G
2022-02-05 10:00:00,East,66.77700814076441,4.830237525643386,112.20432339178446,5G
2022-02-05 11:00:00,South,44.46411758292005,3.805188951253915,103.13945921936869,4G
2022-02-05 12:00:00,North,55.689830791852756,4.75386353865669,88.2693746087213,5G
2022-02-05 13:00:00,East,66.28396623128538,3.512702507674035,104.48432808581586,5G
2022-02-05 14:00:00,East,46.20872259012513,1.4902610431972159,114.29219581273236,5G
2022-02-05 15:00:00,North,47.964196398976384,0.5268246112542824,59.00117442845044,4G
2022-02-05 16:00:00,East,44.18319086051356,3.909119316724678,123.18148129911796,4G
2022-02-05 17:00:00,East,39.852432693071336,3.2207461073795796,93.27490522637856,5G
2022-02-05 18:00:00,South,43.50722454933993,0.24093006196648115,108.5097986648046,4G
2022-02-05 19:00:00,East,37.760597332377436,1.8002523295048918,123.94493847290455,5G
2022-02-05 20:00:00,West,50.34083468259226,4.783999077421431,72.56652605539068,5G
2022-02-05 21:00:00,North,42.30026768941358,2.5020057285510062,85.81117995144906,4G
2022-02-05 22:00:00,South,52.33785911790748,2.163645680098523,94.2290260824859,4G
2022-02-05 23:00:00,South,34.44104353796373,2.28849802579647,84.32492957751143,4G
2022-02-06 00:00:00,West,53.30880232214457,1.0444136200258187,134.69873151673616,4G
2022-02-06 01:00:00,North,58.33528961608925,1.8435358543239762,82.86455812346415,5G
2022-02-06 02:00:00,North,30.062643574285445,1.849066279935883,88.88906441026266,4G
2022-02-06 03:00:00,South,53.74056569847572,0.261775100937362,104.08778063205953,4G
2022-02-06 04:00:00,East,62.27668992473292,3.8378381425895913,75.95700947847823,5G
2022-02-06 05:00:00,South,37.90358981308795,2.082522159519395,92.08638576487472,4G
2022-02-06 06:00:00,North,66.72572386837703,4.110899434082117,106.3490652250035,4G
2022-02-06 07:00:00,West,54.190190093660455,4.251740005599477,93.34279191234978,4G
2022-02-06 08:00:00,South,42.949881442415915,1.0599702734932903,98.13226282200104,4G
2022-02-06 09:00:00,North,49.44230922342294,3.2867674108506426,89.41335775103258,5G
2022-02-06 10:00:00,South,55.58326912521722,2.3614090208149086,69.71059381638466,5G
2022-02-06 11:00:00,East,50.760053914124114,4.400783689607425,106.43186422678477,4G
2022-02-06 12:00:00,South,55.387559924463694,1.0787033958822705,135.09866143294482,4G
2022-02-06 13:00:00,South,40.79326406920634,3.389066001550221,100.36803261566877,5G
2022-02-06 14:00:00,North,51.69360824036078,3.038760611263613,104.50528234495098,4G
2022-02-06 15:00:00,North,35.8628550309502,1.476507387859164,113.85445510233718,4G
2022-02-06 16:00:00,North,48.887739386513,0.6830045182558631,74.61339006906601,4G
2022-02-06 17:00:00,South,40.960923585352106,3.258198802386383,134.0502931625921,4G
2022-02-06 18:00:00,East,42.64470057410233,3.6929872906616534,104.04657592845604,4G
2022-02-06 19:00:00,West,62.36093175210438,1.5781367188167499,132.6371379817822,4G
2022-02-06 20:00:00,West,60.91310120594269,3.224163020111569,85.33934008952022,4G
2022-02-06 21:00:00,North,56.09138120907177,1.9756545380575163,136.3612384511565,4G
2022-02-06 22:00:00,North,39.07687235327421,3.5660344164130886,115.50310988069566,4G
2022-02-06 23:00:00,South,46.83591550305198,0.9960763744702655,111.06080171704717,5G
2022-02-07 00:00:00,West,62.130976999791834,4.451075013180872,104.68048908706297,5G
2022-02-07 01:00:00,North,51.417169136399046,1.4370479823278988,95.02942763851101,5G
2022-02-07 02:00:00,East,73.19329539981695,1.8389299387807645,124.01063316947744,4G
2022-02-07 03:00:00,East,53.93317839394372,0.2904597604017489,102.80719739696094,4G
2022-02-07 04:00:00,North,51.92049116490031,0.557561061606382,60.658605928256954,5G
2022-02-07 05:00:00,North,46.908835357974986,2.5793095135616406,77.65627076585994,4G
2022-02-07 06:00:00,West,51.33540904782282,1.3379633836398575,96.28308495614506,5G
2022-02-07 07:00:00,West,48.47530163619456,4.177401128710972,106.1999796633111,4G
2022-02-07 08:00:00,South,57.0810867668859,0.07346694327476921,98.86823022200208,5G
2022-02-07 09:00:00,West,59.56702316794584,1.8954702433596808,124.37941579587326,5G
2022-02-07 10:00:00,East,42.140105394920504,1.6867277338454634,60.977962719227506,5G
2022-02-07 11:00:00,East,36.68767046442222,0.09663815458800518,102.87175873010321,4G
2022-02-07 12:00:00,North,31.637946268967035,0.6218419950025511,63.640415492256906,5G
2022-02-07 13:00:00,West,55.079913269125434,2.068213374593176,115.19424590968336,4G
2022-02-07 14:00:00,South,38.966333938261265,2.4643229222372334,98.11082571115995,4G
2022-02-07 15:00:00,East,28.47109407047517,2.0214487362743454,108.39219944048236,4G
2022-02-07 16:00:00,East,53.885786045309644,2.654688392060469,82.72234078820468,4G
2022-02-07 17:00:00,South,74.9299951743279,2.9756583745284075,125.58929863315502,4G
2022-02-07 18:00:00,South,49.939290884601064,0.04961910563917815,120.83449328117703,4G
2022-02-07 19:00:00,East,58.38490774451642,2.3204757972675196,111.67088606023775,4G
2022-02-07 20:00:00,East,50.81829358547565,4.8174962044379415,97.40965506273119,5G
2022-02-07 21:00:00,South,49.01110346808857,2.5951614006477435,111.59714570590265,5G
2022-02-07 22:00:00,East,59.190764829877686,3.387711337294766,85.86214864025303,5G
2022-02-07 23:00:00,North,47.097254558113484,1.559319289584416,117.11111318041424,4G
2022-02-08 00:00:00,North,52.673923140719026,3.8699568907638127,132.9896178864784,4G
2022-02-08 01:00:00,South,53.216978061960134,3.8646074093805756,121.41221119958372,4G
2022-02-08 02:00:00,West,43.31909546356951,2.6064802382706946,85.40795060385182,4G
2022-02-08 03:00:00,South,59.92042349536523,4.880069116396068,107.22834634546206,5G
2022-02-08 04:00:00,South,48.25040243304591,0.6277510738132669,74.13716912482704,4G
2022-02-08 05:00:00,West,42.442548405071555,0.08473832444790497,111.44780622351351,5G
2022-02-08 06:00:00,West,55.365098435704034,3.8507910587854797,109.01206825725077,4G
2022-02-08 07:00:00,West,41.015320182089624,4.035777686824413,62.60367320935672,5G
2022-02-08 08:00:00,North,50.281811573691286,0.6010361456028812,76.76432312175272,4G
2022-02-08 09:00:00,East,49.90881003355796,1.3279141647930304,94.33722206512466,5G
2022-02-08 10:00:00,North,60.85895565831578,0.08776181683314455,93.98280505718347,4G
2022-02-08 11:00:00,East,54.746982328799525,1.4665430539028235,75.8104612916239,5G
2022-02-08 12:00:00,North,49.74973041254856,3.8657093695933575,107.77957458704367,4G
2022-02-08 13:00:00,East,58.17766299200287,2.5898026385628947,105.02947217881024,5G
2022-02-08 14:00:00,North,63.90207549017313,1.7404779658414404,96.11461736042962,5G
2022-02-08 15:00:00,West,55.578103063518626,1.8586964745316514,84.88416999683274,4G
2022-02-08 16:00:00,South,50.103526198433805,0.006768128577340771,120.97414252833127,5G
2022-02-08 17:00:00,North,36.8816376764984,1.4990026378261794,133.10814226176592,4G
2022-02-08 18:00:00,East,39.348863369246274,3.2322937081896526,90.32877032306926,4G
2022-02-08 19:00:00,West,46.94775295645332,4.870972219081786,87.75666165690359,4G
2022-02-08 20:00:00,North,43.90487797840717,4.235304134919497,109.82415330823993,5G
2022-02-08 21:00:00,North,48.13028697014554,0.11797482322764563,92.83941240506027,5G
2022-02-08 22:00:00,West,50.56649924897107,4.492803023374197,97.21205598673532,4G
2022-02-08 23:00:00,North,55.29692754356731,3.91599206649313,114.79306303449343,4G
2022-02-09 00:00:00,South,49.29501221940909,3.901880617854902,61.812878249854144,5G
2022-02-09 01:00:00,North,54.86501643826202,2.2899787950178574,126.36604649705339,5G
2022-02-09 02:00:00,South,50.6447441481012,1.990026464772514,101.45361048658683,5G
2022-02-09 03:00:00,South,30.245334336461287,1.514578644165963,91.7701371087564,4G
2022-02-09 04:00:00,West,40.606646061812455,0.3284742947718289,98.21531691557102,4G
2022-02-09 05:00:00,North,48.55912444278385,1.1411768174684955,99.24858710041038,4G
2022-02-09 06:00:00,West,37.90305257158892,1.2330181748901232,65.3759739311015,4G
2022-02-09 07:00:00,North,55.99928729996205,2.420385348551008,129.8987645490647,4G
2022-02-09 08:00:00,North,65.30750832343698,3.7372220329834698,100.82651264541236,5G
2022-02-09 09:00:00,East,62.18761851697317,2.3690491419897333,108.86004260894751,4G
2022-02-09 10:00:00,North,47.86557129069792,0.28922224723580303,119.03099541148086,5G
2022-02-09 11:00:00,West,64.90726136849952,4.78894900494102,79.57675084879399,5G
2022-02-09 12:00:00,South,51.486674572021116,4.713621595470562,109.46943798070457,4G
2022-02-09 13:00:00,North,46.629140288819606,3.925947715742042,94.64717818202413,5G
2022-02-09 14:00:00,East,43.8659733645906,4.9566395078211025,116.93541550432988,4G
2022-02-09 15:00:00,West,46.975303135118715,2.7224116640013145,57.45545159297009,5G
2022-02-09 16:00:00,North,46.118231814587716,4.813841751266031,98.01811399517462,4G
2022-02-09 17:00:00,West,51.70416222375488,0.37802520308375387,87.94358688432077,4G
2022-02-09 18:00:00,East,51.60573981049865,1.8284037413068566,108.64525901268311,5G
2022-02-09 19:00:00,East,50.03046020153415,1.126906340033829,109.40088374736405,4G
2022-02-09 20:00:00,West,54.369381697463496,0.9791654206713502,85.84748210355949,5G
2022-02-09 21:00:00,North,61.906462747863415,0.7040147444633804,85.75652271647913,4G
2022-02-09 22:00:00,South,59.495541354413234,3.1120682078299833,97.78669262885342,4G
2022-02-09 23:00:00,East,35.151020315500965,3.9066092787365254,82.06715545369583,4G
2022-02-10 00:00:00,North,24.46078865098045,2.891491997101803,116.83967390904255,5G
2022-02-10 01:00:00,North,59.34319911239274,0.7348135479410484,92.61585599105108,5G
2022-02-10 02:00:00,South,36.33121301584579,4.055618849667354,41.86023561356717,4G
2022-02-10 03:00:00,East,47.75234598107316,3.1797735358186423,92.50355886756388,5G
2022-02-10 04:00:00,East,38.298869739406406,1.9408285306349775,79.22912358312055,4G
2022-02-10 05:00:00,North,31.9801956241998,3.370651477680315,67.37448369078109,5G
2022-02-10 06:00:00,North,55.41462728204788,1.2995248962141641,75.25146723554855,5G
2022-02-10 07:00:00,South,57.59155160302647,1.7259610424710525,102.18816943665941,4G
2022-02-10 08:00:00,South,44.2348959927328,4.587429215659951,126.57281656496463,4G
2022-02-10 09:00:00,East,24.089577078550903,1.452522528357102,106.26368947729961,4G
2022-02-10 10:00:00,West,44.53755551747517,2.349941340789683,87.86993223568521,4G
2022-02-10 11:00:00,East,53.91804005402547,4.450705686980073,109.11808390341406,4G
2022-02-10 12:00:00,North,35.21088431225871,3.538606751337637,90.81819379562016,5G
2022-02-10 13:00:00,East,51.83359919779156,0.31101613082351376,86.1079926167371,5G
2022-02-10 14:00:00,West,49.846901508270044,0.7365152213948517,76.91274663534031,4G
2022-02-10 15:00:00,South,55.792914996010886,0.03920795385958409,64.96342386496562,4G
2022-02-10 16:00:00,West,51.19580368414153,3.154608951145817,92.20152586881109,4G
2022-02-10 17:00:00,West,40.26931059118444,2.2383671270520917,103.16106979840264,5G
2022-02-10 18:00:00,West,61.965715016644914,0.6713742545113777,98.0675265997022,4G
2022-02-10 19:00:00,South,48.4147042697303,4.7896706052838525,91.68066144105282,4G
2022-02-10 20:00:00,West,49.72695460490068,2.6482986197280995,81.08507878606437,5G
2022-02-10 21:00:00,West,40.667320409268044,1.209466470564446,112.16492383369938,5G
2022-02-10 22:00:00,West,45.567177488084894,2.5030178557735376,73.6573616010683,5G
2022-02-10 23:00:00,North,41.15197285973099,3.398101663675539,115.52055827686951,5G
2022-02-11 00:00:00,West,48.27053940076577,0.3811960898678224,79.9556596214655,4G
2022-02-11 01:00:00,South,67.11708480142343,1.37351907523946,84.9512952529393,5G
2022-02-11 02:00:00,West,36.28098857068643,4.034827454419968,70.66429618768646,5G
2022-02-11 03:00:00,West,33.86438602123259,2.298324352013306,89.97195706228726,4G
2022-02-11 04:00:00,South,64.71170327493608,2.7328857101614745,119.50624916955958,4G
2022-02-11 05:00:00,West,47.90676322848134,2.1640800110473464,110.31256176887914,4G
2022-02-11 06:00:00,South,43.309272613400836,0.2194997132150256,119.5684422405607,5G
2022-02-11 07:00:00,West,60.39904687396076,0.8287488991007796,110.44285091867872,4G
2022-02-11 08:00:00,South,43.94384460263136,2.2277081937094545,77.92660342939261,5G
2022-02-11 09:00:00,West,68.26009713546937,1.0459273270396392,93.38421551344885,5G
2022-02-11 10:00:00,West,56.77925871339269,0.24989514329839368,84.39601741765074,5G
2022-02-11 11:00:00,North,45.120885918542974,4.218248320259119,126.6114980807808,4G
2022-02-11 12:00:00,North,71.57308213265503,4.905962645820579,76.06422707147377,5G
2022-02-11 13:00:00,West,43.94285076996662,3.965714369983697,117.87395378778221,4G
2022-02-11 14:00:00,West,57.42095372009307,4.268924608523335,117.85907740217539,4G
2022-02-11 15:00:00,East,52.99292580406492,1.209885651585227,136.59240403432176,4G
